STN---,WBAN,YEARMODA,TEMP,DEWP,SLP,STP,VISIB,WDSP,MXSPD,GUST,MAX,MIN,PRCP,SNDP,FRSHTT,weather_alert
8415,99999,20200313,82.7,73.2,1010.9,,,14.5,17.1,21.0,83.3,82.2,0.0,,0,0
8415,99999,20200314,83.1,72.4,1008.7,,,11.0,14.0,17.1,83.7,82.4,0.0,,0,0
10010,99999,20200101,31.5,29.3,974.9,973.8,3.7,9.9,15.9,24.1,35.8,23.5,0.37,,10000,1
10010,99999,20200102,26.0,23.4,960.1,959.0,4.9,23.0,37.3,49.1,34.2,19.0,0.54,,101000,1
10010,99999,20200103,25.1,18.9,985.5,984.3,,33.4,50.5,65.9,33.6,19.6,0.31,,10000,1
10010,99999,20200104,24.1,16.1,1007.2,1006.0,8.2,13.3,25.6,31.3,31.3,19.2,0.06,,1000,1
10010,99999,20200105,34.4,32.5,981.8,980.6,4.2,12.9,25.6,34.0,37.4,26.4,0.02,,10000,1
10010,99999,20200106,35.7,33.2,973.8,972.7,8.4,13.4,28.9,39.2,38.3,33.4,0.09,,100000,1
10010,99999,20200107,32.9,30.4,951.5,950.4,2.9,15.8,28.0,35.5,37.9,28.9,0.29,,110000,1
10010,99999,20200108,31.7,29.2,948.1,947.0,2.6,22.0,32.8,57.3,32.9,28.0,0.0,,10000,1
10010,99999,20200109,29.1,22.0,980.4,979.2,14.2,13.0,35.2,52.6,32.7,25.5,0.12,,11000,1
10010,99999,20200110,28.4,20.0,991.0,989.8,16.2,10.0,13.8,29.7,32.7,24.8,0.14,,0,1
10010,99999,20200111,31.5,26.8,975.2,974.0,6.2,28.4,49.1,62.5,34.2,25.7,0.0,,10000,1
10010,99999,20200112,32.6,30.5,969.5,968.4,2.1,29.0,46.6,59.1,35.6,29.7,0.56,0.4,11000,1
10010,99999,20200113,28.6,26.1,983.7,982.5,3.7,30.9,42.7,58.5,31.3,27.5,0.22,,1000,1
10010,99999,20200114,32.3,29.0,981.2,980.0,3.6,28.1,35.0,40.0,33.8,27.9,0.06,,110000,1
10010,99999,20200115,31.1,30.0,985.0,983.9,,33.0,40.8,48.2,31.6,30.2,0.0,,0,1
10010,99999,20200116,32.7,28.1,1001.2,1000.0,7.7,20.9,27.2,34.4,33.8,30.4,0.13,,1000,1
10010,99999,20200117,33.8,27.9,1006.5,1005.3,7.1,22.8,27.2,31.7,34.9,32.5,0.0,,10000,1
10010,99999,20200118,33.6,30.2,1001.0,,5.2,16.4,28.6,41.2,35.6,27.1,0.0,,110000,1
10010,99999,20200119,33.6,28.3,997.0,995.8,5.7,17.7,31.1,37.9,40.1,26.8,0.12,,10000,1
10010,99999,20200120,30.6,25.2,985.0,983.8,6.4,21.7,35.0,40.6,40.1,25.3,0.13,,11000,1
10010,99999,20200121,27.6,23.7,1002.7,1001.5,2.3,17.6,31.1,45.5,32.4,21.7,0.0,,1000,1
10010,99999,20200122,30.7,26.1,1006.8,1005.6,8.5,15.0,29.1,,37.6,25.7,0.13,,100000,1
10010,99999,20200123,30.7,24.1,976.1,974.9,11.1,17.9,27.2,32.6,35.4,26.6,0.32,,1000,1
10010,99999,20200124,27.0,21.1,985.2,984.0,,15.7,27.0,30.3,28.8,25.7,0.0,,1000,1
10010,99999,20200125,30.7,25.2,996.5,995.3,8.1,12.2,19.4,20.6,33.1,26.1,0.06,,11000,1
10010,99999,20200126,33.9,28.1,998.0,996.8,7.5,30.7,36.3,49.0,35.1,29.3,0.01,,10000,1
10010,99999,20200127,34.0,33.1,990.7,989.5,1.6,20.9,37.3,53.6,36.0,31.5,0.0,,110000,1
10010,99999,20200128,33.2,30.6,992.7,991.5,3.2,11.2,24.9,27.8,35.8,28.9,0.12,,110000,1
10010,99999,20200129,34.5,29.8,992.8,991.6,7.8,5.8,19.4,,35.6,33.6,0.01,,1000,1
10010,99999,20200130,34.0,30.1,989.1,987.9,8.3,11.4,21.4,29.7,35.8,32.2,0.0,,11000,1
10010,99999,20200131,32.0,29.9,984.7,983.5,2.2,19.3,31.1,39.0,35.8,29.5,0.03,,101000,1
10010,99999,20200201,25.0,20.7,989.2,988.0,7.8,22.3,31.1,42.2,28.8,23.0,0.02,,1000,1
10010,99999,20200202,18.5,11.5,,997.8,10.9,13.1,17.5,21.0,22.3,15.3,0.06,,1000,1
10010,99999,20200203,15.4,8.5,1003.9,1002.7,3.8,14.3,22.9,29.5,17.8,12.0,0.01,,1000,1
10010,99999,20200204,16.5,6.9,1005.2,1004.0,4.0,14.9,21.4,36.5,18.1,12.4,0.0,,1000,1
10010,99999,20200205,17.1,9.6,1011.4,1010.2,7.6,10.6,23.3,36.9,23.0,14.0,0.03,,1000,1
10010,99999,20200206,33.7,29.7,1001.5,1000.3,4.9,19.3,31.3,47.8,41.0,17.8,0.01,,111000,1
10010,99999,20200207,37.1,33.0,993.2,992.1,6.7,16.0,31.1,34.4,40.8,35.8,0.24,,10000,1
10010,99999,20200208,36.3,35.0,979.2,978.1,1.4,10.9,15.5,18.3,37.4,35.1,0.42,,110000,1
10010,99999,20200209,35.7,33.0,960.5,959.4,5.3,17.8,27.2,34.8,38.7,32.9,0.37,0.4,10000,1
10010,99999,20200210,32.5,27.7,965.2,964.1,9.3,21.0,33.8,51.1,36.7,28.6,0.02,,0,1
10010,99999,20200211,25.3,20.9,977.9,976.8,5.3,26.8,31.1,43.1,30.2,18.3,0.01,,1000,1
10010,99999,20200212,18.4,12.1,988.3,987.1,2.2,21.1,33.0,45.5,23.2,14.5,0.06,,1000,1
10010,99999,20200213,21.8,15.6,999.5,998.3,3.8,18.4,25.3,38.5,22.8,20.5,0.12,,1000,1
10010,99999,20200214,23.8,16.6,1003.6,1002.4,16.8,15.6,25.3,,31.3,18.9,0.07,,0,1
10010,99999,20200215,33.8,32.1,982.6,981.5,2.1,20.9,35.4,46.6,36.5,31.3,0.0,,110000,1
10010,99999,20200216,35.6,30.6,971.2,970.1,2.5,26.4,35.0,55.9,37.4,33.3,0.1,,0,1
10010,99999,20200217,30.7,23.5,979.9,978.8,6.9,30.6,41.6,57.1,35.8,28.2,0.0,,1000,1
10010,99999,20200218,23.7,17.6,995.3,994.1,9.3,16.3,23.3,30.5,28.8,17.4,0.0,,1000,1
10010,99999,20200219,24.8,16.6,996.8,995.6,16.1,4.7,9.7,12.8,25.7,22.6,0.02,,0,1
10010,99999,20200220,29.5,24.1,978.4,977.3,12.0,20.6,36.5,52.6,33.8,22.5,0.0,,10000,1
10010,99999,20200221,26.7,19.8,970.9,969.7,6.7,33.2,43.5,55.2,28.4,25.3,0.0,,1000,1
10010,99999,20200222,25.1,16.1,974.6,973.4,5.6,22.1,33.0,41.2,25.7,23.7,0.0,,1000,1
10010,99999,20200223,18.7,12.0,990.1,988.9,7.8,13.5,23.3,25.4,23.5,15.4,0.11,,1000,1
10010,99999,20200224,16.2,5.6,1000.1,998.9,7.6,9.5,13.6,21.4,17.4,14.9,0.03,,1000,1
10010,99999,20200225,18.2,9.2,998.5,997.3,6.4,19.4,33.2,41.2,20.8,14.4,0.02,,0,1
10010,99999,20200226,18.5,10.3,1002.5,1001.3,5.4,21.2,28.4,37.1,21.9,16.7,0.02,,1000,1
10010,99999,20200227,18.2,10.8,1003.3,1002.1,7.0,17.2,23.5,29.5,20.3,15.3,0.01,,1000,1
10010,99999,20200228,17.8,6.0,1007.3,1006.1,15.5,12.2,18.5,27.6,20.3,16.2,0.0,,0,1
10010,99999,20200229,24.1,14.7,1006.5,1005.3,12.4,19.9,25.3,32.4,27.7,16.5,0.0,,0,1
10010,99999,20200301,30.1,19.6,1005.5,1004.3,10.3,20.0,26.0,31.7,32.4,26.2,0.0,,1000,1
10010,99999,20200302,31.8,22.7,1010.4,1009.2,18.1,10.9,15.5,18.1,33.1,29.7,0.0,,0,0
10010,99999,20200303,33.8,27.1,1010.6,1009.4,10.5,15.6,22.1,31.3,35.1,31.6,0.0,,11000,1
10010,99999,20200304,34.4,32.9,994.8,993.6,3.0,8.2,19.4,23.1,36.5,33.3,0.07,,110000,1
10010,99999,20200305,30.2,27.7,992.7,991.5,9.3,12.7,26.6,33.8,33.1,26.6,0.08,,0,1
10010,99999,20200306,23.1,19.6,996.9,995.7,4.5,24.2,26.8,38.1,26.2,19.4,0.0,,100000,1
10010,99999,20200307,17.6,10.7,1002.3,1001.1,7.8,13.6,19.4,32.4,20.7,16.0,0.02,,10000,1
10010,99999,20200308,18.7,13.0,996.5,995.3,4.5,25.3,33.4,47.6,23.5,15.1,0.01,,1000,1
10010,99999,20200309,15.4,9.0,1002.5,1001.3,6.7,22.5,33.0,46.0,23.4,12.2,0.02,,1000,1
10010,99999,20200310,20.3,12.5,1001.4,1000.2,15.0,8.1,13.6,19.0,25.2,13.1,0.0,,0,0
10010,99999,20200311,18.0,12.7,998.0,996.8,8.1,18.9,33.4,44.9,25.2,8.6,0.0,,0,1
10010,99999,20200312,8.9,1.5,1007.2,1006.0,2.0,18.6,22.1,36.3,11.7,6.6,0.03,,1000,1
10010,99999,20200313,12.0,2.1,1015.8,1014.6,4.7,10.6,18.6,37.9,13.8,8.6,0.03,,1000,1
10010,99999,20200314,15.0,6.3,1006.4,1005.2,12.0,11.1,15.5,24.9,16.3,10.4,0.01,,0,1
10010,99999,20200315,17.1,11.2,995.8,994.6,9.9,11.8,37.1,54.6,25.3,13.1,0.2,,1000,1
10010,99999,20200316,14.8,11.6,998.4,997.2,5.3,16.3,32.6,51.5,26.2,11.8,0.17,,1000,1
10010,99999,20200317,20.2,14.1,994.2,993.0,7.1,24.7,37.1,52.1,22.8,15.1,0.04,,0,1
10010,99999,20200318,19.2,10.8,1012.9,1011.7,9.4,16.8,25.8,35.4,22.1,17.2,0.01,,1000,1
10010,99999,20200319,17.6,9.3,1025.4,1024.2,6.5,9.7,15.9,23.9,19.2,14.5,0.0,,11000,1
10010,99999,20200320,22.1,16.0,1023.8,1022.6,10.5,5.9,16.1,22.0,33.1,10.2,0.02,,1000,1
10010,99999,20200321,34.2,31.9,1004.6,1003.4,4.2,13.7,23.9,31.3,35.6,30.0,0.01,,0,1
10010,99999,20200322,29.7,23.8,994.9,993.7,7.0,12.8,21.8,37.1,31.5,26.4,0.01,,1000,1
10010,99999,20200323,33.9,32.3,976.0,974.9,2.0,16.4,23.3,28.4,36.1,27.7,0.22,,11000,1
10010,99999,20200324,27.6,23.9,979.6,978.4,2.6,16.6,32.1,43.1,32.4,22.3,0.18,,11000,1
10010,99999,20200325,21.2,14.5,1001.8,1000.6,10.9,5.3,13.6,,23.5,19.2,0.15,,1000,1
10010,99999,20200326,26.4,22.1,1000.9,999.7,10.7,7.5,22.7,28.4,28.4,21.9,0.02,,101000,1
10010,99999,20200327,17.4,9.5,1019.1,1017.9,2.4,18.9,24.3,39.2,27.1,14.0,0.11,,0,1
10010,99999,20200328,21.5,10.1,1030.7,1029.5,10.1,8.8,17.3,33.8,27.5,15.1,0.02,,0,1
10010,99999,20200329,26.7,17.7,1028.3,1027.1,36.2,8.1,16.9,20.8,30.4,23.4,0.0,,0,0
10010,99999,20200330,30.1,26.9,1007.0,1005.8,5.3,21.2,37.5,47.0,34.0,22.5,0.0,,111000,1
10010,99999,20200331,21.6,16.7,1011.8,1010.6,7.0,22.4,28.4,49.3,27.7,18.7,0.01,,10000,1
10010,99999,20200401,28.8,24.9,1002.6,1001.4,4.8,18.2,26.4,40.2,32.2,23.0,0.04,,1000,1
10010,99999,20200402,20.4,14.4,1006.4,1005.2,3.3,20.9,27.8,38.7,29.8,18.5,0.07,,1000,1
10010,99999,20200403,13.6,8.0,1011.4,1010.2,1.2,26.6,34.4,47.6,21.7,10.0,0.03,,100000,1
10010,99999,20200404,10.3,3.6,1017.2,1016.0,1.5,17.4,25.1,45.1,13.1,8.2,0.06,,1000,1
10010,99999,20200405,23.3,19.3,1018.6,1017.4,3.6,18.0,25.6,34.6,31.6,12.9,0.09,,1000,1
10010,99999,20200406,34.0,31.6,995.2,994.0,4.6,26.1,33.2,49.3,38.5,28.6,0.1,,10000,1
10010,99999,20200407,32.5,30.0,991.0,989.8,2.7,16.2,35.7,47.8,38.1,27.1,0.21,,111000,1
10010,99999,20200408,24.6,17.9,1008.8,1007.6,5.1,21.9,33.6,48.6,26.6,22.3,0.06,,1000,1
10010,99999,20200409,23.8,14.0,1021.1,1019.9,15.1,5.7,9.9,20.8,25.9,21.4,0.01,,1000,1
10010,99999,20200410,28.8,20.0,1019.7,1018.5,39.9,13.8,25.1,31.3,31.6,24.6,0.0,,0,1
10010,99999,20200413,32.5,28.2,1004.9,1003.7,16.2,23.0,35.0,47.0,37.8,23.4,0.69,,11000,1
10010,99999,20200414,28.6,23.5,984.9,983.8,7.6,19.6,39.0,52.3,36.0,21.0,0.14,,1000,1
10010,99999,20200415,25.2,19.1,992.8,991.6,3.5,16.8,24.5,48.0,27.1,21.9,0.08,,1000,1
10010,99999,20200416,31.0,23.5,1007.8,1006.6,35.7,10.7,18.1,44.5,35.8,25.7,0.0,,0,1
10010,99999,20200417,37.9,34.3,1009.8,1008.6,11.9,20.7,29.9,40.0,41.9,31.5,0.0,,10000,1
10010,99999,20200418,37.2,34.4,1013.7,1012.5,7.3,13.2,30.9,45.3,47.1,34.0,0.0,,110000,1
10010,99999,20200419,38.5,23.1,1015.6,1014.4,28.6,17.6,30.9,43.3,42.1,33.6,0.0,,100000,1
10010,99999,20200421,36.1,30.8,1033.5,1032.3,14.6,4.2,7.4,16.5,37.6,34.2,0.0,,100000,1
10010,99999,20200422,34.0,33.1,1025.7,1024.5,0.6,6.1,14.6,22.9,35.8,32.5,0.02,,110000,1
10010,99999,20200423,33.0,30.5,1021.3,1020.1,3.8,8.9,26.6,34.6,36.1,29.3,0.0,,110000,1
10010,99999,20200424,29.8,28.1,1019.9,1018.7,5.1,6.7,20.8,25.6,32.0,27.5,0.0,,111000,1
10010,99999,20200425,28.4,24.8,1024.7,1023.5,13.4,15.2,19.0,28.9,30.2,26.2,0.0,,1000,1
10010,99999,20200426,27.6,23.9,1025.3,1024.1,24.9,4.6,9.3,15.5,30.0,24.4,0.0,,0,0
10010,99999,20200428,30.6,27.5,1011.0,1009.8,23.3,5.1,8.4,25.8,33.6,28.6,0.0,,0,1
10010,99999,20200429,35.6,32.3,1009.8,1008.6,13.6,6.6,11.1,17.7,38.1,28.6,0.01,,11000,1
10010,99999,20200430,31.2,27.5,1014.1,1012.9,10.9,16.8,26.6,31.9,37.2,28.2,0.0,,1000,1
10010,99999,20200501,28.1,24.5,1014.8,1013.6,22.8,13.1,19.6,26.2,29.3,26.6,0.0,,11000,1
10010,99999,20200502,27.7,20.8,1016.4,1015.2,43.5,11.0,17.1,23.7,29.3,26.2,0.0,,0,0
10010,99999,20200503,28.2,19.9,1016.7,1015.5,46.6,5.5,12.4,15.9,31.3,26.4,0.0,,0,0
10010,99999,20200504,34.0,31.6,1000.8,999.6,7.9,18.8,28.2,37.5,35.8,28.2,0.05,,10000,1
10010,99999,20200505,28.0,23.9,995.6,994.4,3.2,16.0,23.5,49.0,35.8,24.8,0.41,,11000,1
10010,99999,20200506,28.5,22.6,1016.3,1015.1,28.0,14.9,32.8,42.9,30.0,27.0,0.11,,1000,1
10010,99999,20200507,29.0,22.4,1017.3,1016.1,32.5,9.9,16.5,23.1,33.4,24.4,0.01,,1000,1
10010,99999,20200508,21.1,12.7,1019.7,1018.5,13.5,17.8,22.0,36.3,26.1,18.5,0.0,,11100,1
10010,99999,20200509,21.3,14.9,1021.3,1020.1,2.4,22.6,26.4,46.6,22.5,18.5,0.06,,1000,1
10010,99999,20200510,22.2,16.1,1022.8,1021.6,10.7,16.3,28.7,36.5,23.0,20.5,0.05,,1000,1
10010,99999,20200511,20.1,13.1,1024.7,1023.5,9.0,21.5,27.6,40.6,23.0,17.6,0.01,,1000,1
10010,99999,20200512,25.0,16.2,1018.6,1017.4,31.0,14.5,20.4,38.5,28.8,20.1,0.02,,1000,1
10010,99999,20200513,24.8,17.4,1009.2,1008.0,14.0,16.2,22.3,41.2,27.9,23.2,0.0,,1000,1
10010,99999,20200514,29.3,26.1,1004.0,1002.8,2.4,13.3,22.3,40.6,31.3,26.6,0.06,,1000,1
10010,99999,20200515,30.2,28.2,1008.9,1007.7,1.7,26.9,36.7,51.9,32.0,28.9,0.06,,1000,1
10010,99999,20200516,33.7,31.2,1012.2,1011.0,5.4,24.3,31.7,47.8,35.6,29.5,0.21,,100000,1
10010,99999,20200517,36.8,24.7,1023.3,1022.1,12.4,18.9,26.8,37.1,39.9,33.3,0.0,,100000,1
10010,99999,20200518,29.9,26.5,1018.9,1017.7,12.2,9.9,28.9,33.0,36.9,26.8,0.0,,101000,1
10010,99999,20200519,29.6,26.3,1018.1,1016.8,22.8,16.8,22.7,34.4,30.7,26.6,0.01,,1000,1
10010,99999,20200520,31.6,28.9,1020.6,1019.4,23.3,7.1,11.7,18.3,34.2,29.3,0.0,,100000,1
10010,99999,20200521,35.4,33.2,1014.4,1013.2,11.6,11.1,18.6,24.5,37.4,32.5,0.0,,10000,1
10010,99999,20200522,33.9,32.0,1007.5,1006.3,4.5,4.3,7.6,15.9,38.1,30.7,0.14,,100000,1
10010,99999,20200523,30.7,27.4,1001.6,1000.4,12.7,19.0,29.5,39.8,35.8,28.9,0.0,,101000,1
10010,99999,20200524,32.4,29.5,1004.1,1002.9,15.9,16.6,26.6,37.9,34.5,30.6,0.01,,1000,1
10010,99999,20200525,34.9,33.6,1003.3,1002.1,5.2,8.1,18.6,24.7,37.8,31.3,0.0,,110000,1
10010,99999,20200526,36.3,34.9,998.0,996.8,4.6,6.3,14.2,18.1,39.9,34.7,0.08,,110000,1
10010,99999,20200527,33.7,31.5,1006.8,1005.6,7.1,11.8,32.6,38.5,37.4,30.4,0.1,,11000,1
10010,99999,20200528,36.5,34.1,1011.4,1010.1,3.2,12.4,22.5,28.7,42.6,30.7,0.05,,110000,1
10010,99999,20200529,34.5,31.8,1019.1,1017.9,14.5,7.2,16.5,22.1,39.6,29.7,0.0,,110000,1
10010,99999,20200530,36.5,36.2,1017.7,1016.5,0.1,10.1,14.8,19.4,38.3,34.2,0.08,,110000,1
10010,99999,20200531,36.2,35.8,1019.1,1017.9,0.2,5.1,7.2,10.9,38.3,34.0,0.01,,100000,1
10010,99999,20200601,39.1,36.1,1013.9,1012.7,17.0,10.3,23.1,28.9,44.8,33.1,0.07,,110000,1
10010,99999,20200602,33.1,29.7,1018.7,1017.5,6.4,17.1,29.3,36.7,37.4,30.7,0.03,,101000,1
10010,99999,20200603,32.4,30.4,1021.5,1020.3,19.7,5.1,11.7,14.0,36.5,28.9,0.01,,100000,1
10010,99999,20200604,33.0,28.8,1020.8,1019.7,16.9,13.3,21.4,31.1,35.8,28.6,0.0,,101000,1
10010,99999,20200606,32.5,30.7,1013.9,1012.7,4.9,22.6,26.4,36.5,36.9,29.8,0.0,,111000,1
10010,99999,20200607,29.2,25.7,1011.8,1010.6,7.4,19.7,25.1,32.8,32.9,27.3,0.06,,1000,1
10010,99999,20200608,32.2,28.2,1016.0,1014.8,28.5,7.2,17.3,23.7,36.0,28.0,0.01,,0,1
10010,99999,20200609,38.6,37.8,1016.9,1015.7,1.4,5.9,11.1,15.9,39.7,36.0,0.24,,10000,1
10010,99999,20200610,38.2,37.1,1028.4,1027.2,1.6,4.0,6.4,10.1,40.1,36.9,0.2,,100000,1
10010,99999,20200611,38.0,37.0,1025.7,1024.5,0.3,11.5,21.2,24.5,39.2,36.7,0.01,,110000,1
10010,99999,20200612,39.8,37.0,1019.6,1018.4,9.9,11.6,22.9,28.0,44.8,36.1,0.0,,0,1
10010,99999,20200613,38.1,35.7,1012.3,1011.1,7.5,15.2,30.9,38.5,41.4,36.1,0.04,,110000,1
10010,99999,20200614,37.2,33.3,1016.1,1014.9,13.7,11.6,31.5,46.6,41.7,32.5,0.0,,10000,1
10010,99999,20200615,39.5,37.7,1019.1,1017.9,22.8,6.5,14.4,18.1,41.7,38.1,0.0,,100000,1
10010,99999,20200616,38.4,37.9,1014.4,1013.2,1.0,7.8,16.1,19.0,40.1,36.9,0.39,,110000,1
10010,99999,20200617,37.5,33.9,1018.2,1017.0,24.0,14.7,26.8,37.1,40.6,34.7,0.16,,100000,1
10010,99999,20200618,35.2,34.0,1023.1,1021.9,1.2,4.7,9.1,30.7,39.4,32.4,0.0,,100000,1
10010,99999,20200619,38.8,37.0,1024.2,1023.0,12.5,7.4,10.9,14.0,43.0,32.2,0.0,,100000,1
10010,99999,20200620,42.9,40.4,1020.0,1018.8,18.1,4.9,9.7,13.6,45.9,38.8,0.0,,100000,1
10010,99999,20200622,43.7,42.3,1010.5,1009.3,5.3,3.7,7.4,21.4,51.3,40.3,0.05,,110000,1
10010,99999,20200623,41.5,40.7,1008.6,1007.4,2.4,8.5,14.6,18.6,43.7,39.4,0.1,,110000,1
10010,99999,20200624,40.7,40.3,1013.6,1012.4,1.3,8.7,14.8,17.7,42.4,38.5,0.06,,110000,1
10010,99999,20200625,44.4,42.0,1012.1,1011.0,11.6,5.5,16.1,23.3,52.2,40.5,0.13,,110000,1
10010,99999,20200626,41.1,39.4,1021.0,1019.8,13.0,5.5,10.5,14.4,43.7,37.4,0.0,,100000,1
10010,99999,20200627,42.4,41.4,1022.4,1021.2,11.0,8.9,11.1,14.2,43.2,41.7,0.0,,10000,1
10010,99999,20200628,42.6,40.1,1022.8,1021.6,8.6,9.3,15.7,21.6,45.7,40.8,0.09,,110000,1
10010,99999,20200629,38.8,35.3,1024.0,1022.8,12.3,11.6,20.2,25.8,44.6,33.3,0.0,,0,1
10010,99999,20200630,33.8,31.2,1017.0,1015.8,11.9,23.4,26.0,34.2,39.4,31.8,0.0,,0,1
10010,99999,20200701,35.2,32.3,1009.5,1008.3,13.8,22.9,26.6,35.2,40.3,32.5,0.0,,100000,1
10010,99999,20200702,41.1,31.4,1007.2,1006.0,26.9,10.8,24.7,30.3,46.9,34.2,0.0,,10000,1
10010,99999,20200703,36.4,32.4,1006.5,1005.3,15.7,5.3,9.5,13.2,45.5,33.6,0.0,,110000,1
10010,99999,20200704,35.6,33.0,1002.1,1000.9,8.1,13.6,24.1,28.0,38.3,33.4,0.0,,10000,1
10010,99999,20200705,38.7,36.7,1001.8,1000.6,9.5,19.4,24.7,36.9,41.0,35.1,0.16,,10000,1
10010,99999,20200706,36.0,33.9,1004.8,1003.6,7.1,24.0,27.2,39.6,41.2,34.2,0.17,,10000,1
10010,99999,20200707,36.3,35.0,1003.9,1002.7,3.4,23.1,34.2,43.1,38.3,34.9,0.21,0.4,10000,1
10010,99999,20200708,35.8,33.9,995.1,993.9,2.3,19.0,30.3,41.4,39.2,34.3,0.36,,11000,1
10010,99999,20200709,40.6,39.5,998.5,997.4,8.6,20.1,28.9,41.4,42.8,35.4,0.11,,110000,1
10010,99999,20200710,40.1,38.7,1005.6,1004.4,3.4,23.7,27.4,38.1,42.8,38.5,0.01,,100000,1
10010,99999,20200711,38.9,36.9,1008.6,1007.4,3.2,23.6,31.3,37.7,41.0,37.8,0.02,,110000,1
10010,99999,20200712,42.3,38.2,1014.1,1012.9,37.3,5.8,13.4,17.9,43.7,37.4,0.0,,0,0
10010,99999,20200713,42.4,40.3,1018.5,1017.3,22.8,7.3,11.7,13.4,44.2,39.9,0.0,,0,0
10010,99999,20200714,43.3,41.4,1018.7,1017.5,18.4,5.5,12.2,15.0,44.2,42.3,0.0,,10000,1
10010,99999,20200715,44.3,43.0,1014.5,1013.3,6.1,2.7,4.9,12.0,45.9,42.6,0.0,,100000,1
10010,99999,20200716,44.0,41.6,1007.5,1006.3,8.9,11.0,23.7,32.2,45.9,42.3,0.0,,100000,1
10010,99999,20200717,45.8,44.2,996.9,995.8,3.1,11.0,31.7,39.4,47.1,43.3,0.35,,110000,1
10010,99999,20200718,44.5,41.5,1000.2,999.1,6.0,8.0,19.4,24.5,49.5,41.0,0.0,,100000,1
10010,99999,20200719,45.6,42.5,1003.9,1002.8,16.6,11.7,20.6,32.8,51.8,40.3,0.0,,100000,1
10010,99999,20200720,40.7,39.2,1008.4,1007.2,1.0,23.2,29.1,37.3,46.9,38.7,0.01,,110000,1
10010,99999,20200721,39.6,37.4,1011.5,1010.3,7.1,22.8,28.0,35.5,42.6,36.7,0.12,,110000,1
10010,99999,20200722,38.6,35.6,1014.5,1013.3,9.5,11.3,21.4,26.2,42.1,36.3,0.04,,10000,1
10010,99999,20200723,40.9,37.1,1016.1,1014.9,9.7,5.3,12.0,18.3,44.6,37.6,0.0,,100000,1
10010,99999,20200724,43.0,40.3,1015.7,1014.5,22.8,9.1,17.3,23.5,48.9,38.5,0.01,,10000,1
10010,99999,20200725,39.1,37.4,1011.8,1010.6,6.2,20.1,27.0,40.2,42.8,37.4,0.0,,110000,1
10010,99999,20200726,42.1,39.6,1005.3,1004.1,15.4,18.4,40.8,54.2,49.3,36.9,0.03,,110000,1
10010,99999,20200727,45.0,43.0,1005.6,1004.4,8.6,5.5,29.7,35.9,49.6,43.2,0.0,,110000,1
10010,99999,20200728,43.5,41.6,1003.4,1002.2,3.3,17.0,35.4,46.4,46.4,41.5,0.41,,110000,1
10010,99999,20200729,42.3,41.0,1010.6,1009.4,2.8,3.7,6.2,30.1,45.0,41.4,0.04,,100000,1
10010,99999,20200730,42.9,40.2,1015.1,1013.9,18.7,9.3,20.4,29.5,46.2,41.2,0.0,,100000,1
10010,99999,20200731,41.0,38.7,1017.7,1016.5,15.8,8.9,17.9,28.0,43.0,39.2,0.0,,10000,1
10010,99999,20200801,45.4,44.5,1007.7,1006.5,2.2,13.4,19.2,27.6,47.3,40.8,0.06,0.4,110000,1
10010,99999,20200802,43.7,43.0,1007.4,1006.2,0.3,3.9,9.1,17.1,44.8,42.3,0.45,,100000,1
10010,99999,20200803,46.7,45.6,1006.0,1004.9,2.2,3.4,16.1,26.0,49.8,42.4,0.11,,110000,1
10010,99999,20200804,45.7,44.7,1001.6,1000.5,5.1,3.6,9.5,12.0,47.5,44.1,0.01,,10000,1
10010,99999,20200805,45.7,45.0,1003.6,1002.4,1.2,4.0,11.1,14.8,46.8,42.8,0.09,,110000,1
10010,99999,20200806,46.6,45.1,1007.0,1005.9,16.6,6.5,12.4,16.3,48.6,42.3,0.0,,10000,1
10010,99999,20200807,45.3,44.8,1008.1,1006.9,0.9,10.9,21.4,26.0,47.8,43.7,0.04,0.4,110000,1
10010,99999,20200808,44.1,43.5,1005.4,1004.3,2.0,11.2,16.9,19.8,45.5,41.0,0.46,,100000,1
10010,99999,20200809,42.5,40.4,1012.6,1011.4,10.9,7.7,19.4,24.5,46.2,39.9,0.01,,10000,1
10010,99999,20200810,44.1,43.8,1016.0,1014.8,0.6,10.1,17.5,18.5,45.5,43.0,0.03,,110000,1
10010,99999,20200811,43.9,43.7,1019.0,1017.8,0.2,9.4,15.7,17.9,45.9,42.3,0.01,,110000,1
10010,99999,20200812,43.4,43.2,1015.1,1013.9,0.3,8.2,15.2,18.8,45.3,41.0,0.07,,110000,1
10010,99999,20200813,43.3,42.5,1003.3,1002.2,6.0,9.7,15.2,20.0,45.1,38.8,0.04,,10000,1
10010,99999,20200814,41.7,37.5,988.9,987.8,7.4,21.8,32.2,49.0,44.8,38.7,0.73,,10000,1
10010,99999,20200815,39.4,36.3,1003.9,1002.7,9.0,19.7,28.7,49.1,42.8,37.6,0.02,,10000,1
10010,99999,20200816,40.8,37.4,1020.5,1019.3,21.1,9.5,23.3,32.2,45.0,37.8,0.01,,110000,1
10010,99999,20200817,44.0,39.3,1012.7,1011.5,17.2,8.6,32.1,39.0,50.9,37.8,0.0,,100000,1
10010,99999,20200818,38.9,36.7,1011.4,1010.2,7.9,18.5,34.0,42.9,50.7,36.9,0.02,,110000,1
10010,99999,20200819,38.8,36.8,1011.2,1010.0,7.0,15.6,23.5,36.3,40.5,37.6,0.04,,10000,1
10010,99999,20200820,40.5,37.5,1011.1,1009.9,13.3,8.5,22.0,28.9,46.0,37.0,0.01,,100000,1
10010,99999,20200821,38.8,36.0,1009.9,1008.7,23.5,9.2,15.0,21.6,41.0,37.8,0.0,,0,0
10010,99999,20200822,39.5,36.9,1004.7,1003.5,17.5,17.7,27.4,37.5,41.2,37.9,0.0,,110000,1
10010,99999,20200823,39.7,36.8,1006.4,1005.2,10.3,21.3,26.0,34.6,41.0,38.7,0.03,,10000,1
10010,99999,20200824,40.1,37.0,1008.2,1007.0,25.4,18.8,24.9,34.8,43.9,36.9,0.01,,0,1
10010,99999,20200825,36.6,34.0,1009.8,1008.6,17.2,4.5,11.5,23.5,39.6,35.2,0.0,,0,0
10010,99999,20200826,39.5,35.2,1009.3,1008.1,15.2,8.0,17.3,26.6,44.6,34.9,0.0,,0,1
10010,99999,20200827,41.5,33.4,1010.2,1009.0,21.7,5.8,17.9,23.7,44.2,37.8,0.0,,100000,1
10010,99999,20200828,40.9,34.7,1010.9,1009.7,28.5,7.3,20.6,26.0,44.6,36.1,0.0,,100000,1
10010,99999,20200829,38.3,31.9,1014.1,1012.9,28.0,13.5,18.3,32.6,44.6,37.0,0.0,,0,1
10010,99999,20200830,41.5,36.1,1006.5,1005.3,21.3,13.2,23.7,30.5,44.8,38.7,0.0,,10000,1
10010,99999,20200831,38.0,35.3,1008.9,1007.7,18.3,9.1,18.6,24.9,43.3,35.2,0.02,,10000,1
10010,99999,20200901,43.3,42.8,998.0,996.9,0.5,8.1,15.9,24.5,44.4,37.6,0.55,0.8,10000,1
10010,99999,20200902,42.5,42.2,994.3,993.2,0.2,5.9,11.7,16.7,44.6,39.7,0.83,,110000,1
10010,99999,20200903,41.3,39.7,991.2,990.1,6.3,27.4,32.1,44.3,46.0,38.1,0.0,,110000,1
10010,99999,20200904,39.2,37.6,,998.7,3.6,26.4,34.0,45.8,42.3,37.8,0.11,,10000,1
10010,99999,20200905,37.3,34.6,1005.2,1004.0,8.8,20.9,30.9,38.5,38.7,36.3,0.12,,10000,1
10010,99999,20200906,38.2,35.8,1005.7,1004.5,15.2,6.2,12.0,14.4,42.1,34.7,0.0,,10000,1
10010,99999,20200907,42.5,40.4,983.0,981.9,8.3,18.4,28.7,44.7,46.6,40.3,0.12,0.4,10000,1
10010,99999,20200908,39.5,37.5,984.3,983.2,4.4,17.0,33.4,49.9,44.8,34.7,0.21,,110000,1
10010,99999,20200909,36.9,34.6,994.5,993.4,2.2,26.6,33.2,48.8,38.8,34.7,0.73,1.6,10000,1
10010,99999,20200910,34.3,30.8,1001.8,1000.6,9.4,15.0,28.7,42.2,36.5,32.7,1.41,,11000,1
10010,99999,20200911,38.8,36.2,995.4,994.3,26.4,14.0,25.8,40.2,42.6,34.5,0.01,,11000,1
10010,99999,20200912,39.4,38.1,991.0,989.9,2.4,27.2,33.8,50.1,41.2,38.5,0.02,,10000,1
10010,99999,20200913,36.5,32.9,1002.4,1001.2,12.1,25.0,28.9,45.3,39.9,33.1,0.34,,10000,1
10010,99999,20200914,34.4,29.9,1016.7,1015.5,16.0,14.2,21.8,33.6,36.3,33.1,0.0,,11000,1
10010,99999,20200915,36.0,32.4,1020.9,1019.7,21.0,7.3,13.0,17.3,40.8,31.1,0.0,,11000,1
10010,99999,20200916,39.1,37.2,1018.0,1016.8,10.8,12.5,19.6,25.8,42.3,35.4,0.21,,10000,1
10010,99999,20200917,41.5,39.7,1000.2,999.1,5.3,13.5,21.4,32.4,44.2,37.4,0.19,,10000,1
10010,99999,20200918,34.1,30.1,1008.4,1007.2,17.4,9.0,18.3,39.6,43.9,29.8,0.04,,10000,1
10010,99999,20200919,39.2,36.9,1002.7,1001.6,9.5,8.3,19.2,27.6,43.7,29.8,0.09,0.4,10000,1
10010,99999,20200920,34.9,31.1,989.5,988.4,6.7,9.9,30.7,40.2,42.8,31.5,0.27,,11000,1
10010,99999,20200921,33.4,30.3,985.9,984.7,6.6,21.2,35.4,47.0,36.5,31.1,0.01,,11000,1
10010,99999,20200922,33.7,30.2,995.1,993.9,6.8,14.7,27.6,40.0,34.9,32.2,0.09,,11000,1
10010,99999,20200923,35.3,33.5,995.1,993.9,,20.7,33.2,45.6,37.8,32.9,0.0,,10000,1
10010,99999,20200924,33.6,25.9,1008.9,1007.7,29.6,17.7,26.2,40.8,34.7,32.5,0.4,,1000,1
10010,99999,20200925,33.1,24.0,1013.2,1012.0,34.1,10.3,18.8,28.2,35.4,31.8,0.0,,1000,1
10010,99999,20200926,37.1,32.6,1010.6,1009.4,12.3,11.4,17.3,31.7,40.5,31.6,0.05,,10000,1
10010,99999,20200927,41.0,40.2,1006.3,1005.1,3.5,13.6,21.4,29.1,41.9,39.9,0.04,0.8,10000,1
10010,99999,20200928,40.7,39.7,999.2,998.0,4.5,10.7,18.3,24.7,42.1,39.6,0.98,0.4,10000,1
10010,99999,20200929,37.9,35.0,996.9,995.7,7.4,15.6,27.4,41.0,42.1,35.8,1.09,,10000,1
10010,99999,20200930,37.7,34.7,1012.8,1011.6,15.1,11.6,18.8,24.7,41.9,35.1,0.02,,10000,1
10010,99999,20201001,42.1,39.0,1016.0,1014.8,14.7,17.2,26.8,39.2,44.4,37.9,0.04,,10000,1
10010,99999,20201002,41.9,41.2,1016.0,1014.8,1.5,6.0,15.3,22.9,44.8,39.0,0.06,,100000,1
10010,99999,20201003,42.6,41.7,1011.7,1010.5,3.6,6.0,13.8,18.8,47.8,39.0,0.02,,110000,1
10010,99999,20201004,43.7,41.9,1013.4,1012.2,3.6,5.9,12.6,21.0,49.6,39.7,0.01,,100000,1
10010,99999,20201005,44.4,42.0,1009.1,1007.9,12.9,4.7,10.5,18.6,46.0,42.8,0.0,,0,0
10010,99999,20201006,43.3,41.9,1006.8,1005.6,3.7,7.7,17.1,21.2,45.7,41.5,0.0,,110000,1
10010,99999,20201007,40.9,38.8,1004.9,1003.7,5.9,7.8,23.3,29.5,45.7,37.4,0.03,,0,1
10010,99999,20201008,40.6,38.3,998.7,997.5,5.0,26.8,33.4,44.9,48.2,37.8,0.0,,100000,1
10010,99999,20201009,37.3,35.8,1007.6,1006.4,2.0,28.8,32.6,46.0,39.0,35.4,0.02,,10000,1
10010,99999,20201010,32.0,27.3,1023.4,1022.2,15.5,17.6,24.5,38.1,36.5,30.0,0.03,,11000,1
10010,99999,20201011,30.0,24.1,1025.8,1024.6,17.5,6.3,12.0,18.1,31.6,28.6,0.01,,1000,1
10010,99999,20201012,35.1,31.2,1020.9,1019.7,20.2,9.9,17.1,21.6,39.4,30.4,0.0,,10000,1
10010,99999,20201013,35.9,32.2,1018.6,1017.4,12.8,8.4,18.1,28.9,39.4,34.0,0.08,,10000,1
10010,99999,20201014,34.2,32.2,1026.5,1025.3,13.1,2.1,6.0,23.9,36.7,31.6,0.0,,0,0
10010,99999,20201015,40.5,35.5,1028.8,1027.6,8.8,9.9,20.0,26.2,46.8,34.2,0.02,,100000,1
10010,99999,20201016,33.9,29.3,1027.2,1026.0,7.1,21.1,28.0,40.6,46.9,27.5,0.0,,11000,1
10010,99999,20201017,28.9,25.5,1034.1,1032.9,4.7,13.8,25.1,36.7,30.2,27.3,0.06,,10000,1
10010,99999,20201018,32.0,25.8,1027.9,1026.7,25.9,7.3,16.3,20.2,34.9,27.3,0.02,,0,1
10010,99999,20201019,32.1,25.8,1027.4,1026.2,9.7,9.1,12.4,17.9,33.4,30.6,0.0,,0,0
10010,99999,20201020,30.1,26.0,1019.1,1017.9,11.2,8.7,13.6,17.5,32.0,26.6,0.02,,1000,1
10010,99999,20201021,29.5,25.4,1012.4,1011.2,13.9,3.2,8.7,10.3,34.3,25.0,0.0,,1000,1
10010,99999,20201022,30.6,27.7,1008.5,1007.3,11.9,6.0,13.0,17.1,34.3,26.1,0.08,,100000,1
10010,99999,20201023,31.7,29.1,1007.3,1006.1,14.9,5.7,11.7,14.0,36.1,26.1,0.0,,1000,1
10010,99999,20201024,35.3,32.1,1007.2,1006.0,18.1,11.9,16.9,21.6,37.6,31.8,0.01,,0,1
10010,99999,20201025,37.3,29.1,1005.0,1003.8,17.6,15.8,21.8,37.9,38.5,33.8,0.01,,0,1
10010,99999,20201026,34.4,28.3,999.1,997.9,17.6,18.8,25.1,37.7,37.4,33.1,0.0,,0,1
10010,99999,20201027,32.3,27.4,999.7,998.5,8.6,16.0,21.6,28.4,34.2,30.7,0.01,,11000,1
10010,99999,20201028,28.0,20.9,1003.6,1002.4,14.7,15.2,22.5,31.7,31.6,24.6,0.02,,0,1
10010,99999,20201030,36.8,33.4,1000.0,998.8,,19.1,23.3,30.1,37.9,34.5,0.0,,0,1
10010,99999,20201031,38.3,37.1,992.8,991.7,2.2,13.8,24.1,30.9,39.7,36.5,0.08,,110000,1
10010,99999,20201101,39.9,38.5,976.5,975.4,2.4,21.4,33.0,46.2,41.5,37.6,0.09,0.4,10000,1
10010,99999,20201102,40.4,38.2,970.1,969.0,3.9,13.2,23.9,30.9,43.3,36.7,0.25,,10000,1
10010,99999,20201103,35.4,33.3,984.1,983.0,5.3,15.4,25.3,43.3,39.7,31.8,0.05,,111000,1
10010,99999,20201104,33.6,31.2,986.6,985.4,6.1,18.3,26.8,50.9,39.2,30.0,0.09,,11000,1
10010,99999,20201105,31.2,28.6,987.0,985.8,3.4,15.6,31.9,54.2,38.3,28.4,0.45,,11000,1
10010,99999,20201106,33.5,30.8,987.9,986.8,3.8,11.4,23.5,33.6,37.9,28.0,0.17,,11000,1
10010,99999,20201107,28.1,23.9,1006.8,1005.6,16.4,7.2,15.5,23.3,32.7,24.8,0.16,,1000,1
10010,99999,20201108,30.4,25.3,1005.7,1004.5,6.9,18.0,24.7,38.7,37.0,22.8,0.24,,11000,1
10010,99999,20201109,28.9,22.5,1021.9,1020.8,21.7,10.9,17.9,28.2,37.8,19.9,0.01,,0,1
10010,99999,20201110,38.1,37.5,1006.6,1005.4,0.7,8.7,18.6,24.3,41.0,35.8,0.29,0.4,110000,1
10010,99999,20201111,37.2,35.2,990.9,989.7,1.6,17.6,39.6,57.1,40.8,32.4,0.26,,110000,1
10010,99999,20201112,32.4,29.6,995.6,994.4,6.4,4.9,12.8,18.1,36.5,29.8,0.37,,101000,1
10010,99999,20201113,35.8,34.6,990.1,989.0,5.3,10.6,19.4,25.8,39.6,30.6,0.06,,110000,1
10010,99999,20201114,33.6,31.8,981.1,980.0,1.0,15.5,41.6,53.6,39.0,25.3,0.51,0.4,11000,1
10010,99999,20201115,23.2,14.4,1002.3,1001.1,23.8,14.5,32.4,45.8,26.8,19.9,0.36,,0,1
10010,99999,20201116,22.7,13.7,1005.7,1004.4,19.7,12.9,26.4,43.5,27.5,19.9,0.0,,0,1
10010,99999,20201118,19.6,7.3,1010.9,1009.7,,20.9,27.6,47.8,23.2,17.8,0.0,,0,1
10010,99999,20201119,25.6,15.9,1013.6,1012.4,25.4,7.9,15.3,30.7,29.8,19.9,0.0,,0,1
10010,99999,20201120,32.8,28.8,1003.0,1001.8,8.4,9.0,19.8,27.0,35.8,24.3,0.01,,10000,1
10010,99999,20201121,34.0,30.2,984.9,983.8,6.1,25.9,36.1,44.5,37.2,32.4,0.01,,11000,1
10010,99999,20201123,29.0,25.5,1002.6,1001.4,6.4,5.5,12.4,16.1,32.0,25.0,0.14,,1000,1
10010,99999,20201124,25.3,18.7,1005.5,1004.3,8.3,14.8,25.8,34.4,30.2,20.7,0.03,,1000,1
10010,99999,20201125,20.4,12.9,1011.1,1009.9,11.9,6.8,17.9,26.0,23.5,17.1,0.01,,1000,1
10010,99999,20201126,32.3,28.3,992.1,991.0,3.8,21.6,31.3,40.6,37.0,17.1,0.15,,11000,1
10010,99999,20201127,35.4,29.6,985.1,983.9,7.4,23.7,32.2,48.8,37.0,33.6,0.04,,1000,1
10010,99999,20201128,32.7,26.6,995.2,994.0,8.0,20.7,32.2,45.8,36.1,24.6,0.01,,0,1
10010,99999,20201129,22.3,15.3,1004.3,1003.1,10.4,13.8,20.6,33.2,32.7,20.5,0.01,,1000,1
10010,99999,20201130,19.8,10.3,1012.0,1010.8,12.9,9.3,18.5,28.4,21.7,16.5,0.0,,1000,1
10010,99999,20201201,27.4,24.3,999.5,998.4,7.3,18.4,33.8,49.7,34.7,14.9,0.09,,1000,1
10010,99999,20201202,28.5,27.2,983.0,981.8,0.7,28.6,46.8,68.4,34.9,21.0,0.42,,11000,1
10010,99999,20201203,20.2,16.1,1010.7,1009.5,0.6,37.9,46.4,64.9,22.8,18.1,0.96,,1000,1
10010,99999,20201204,19.0,10.3,1024.9,1023.7,8.8,18.5,29.9,44.9,21.6,17.2,0.08,,0,1
10010,99999,20201205,22.6,16.3,1018.6,1017.4,11.1,11.0,21.6,35.0,29.8,12.9,0.01,,1000,1
10010,99999,20201206,30.0,24.6,1012.2,1011.0,6.0,14.9,21.4,35.2,32.0,27.7,0.08,,1000,1
10010,99999,20201207,26.3,22.6,1018.5,1017.3,12.7,3.8,9.9,18.8,32.0,21.4,0.07,,1000,1
10010,99999,20201208,30.5,27.1,1016.4,1015.2,14.4,7.0,11.5,14.6,33.3,25.0,0.04,,1000,1
10010,99999,20201209,29.2,26.6,1008.5,1007.3,9.8,2.9,5.8,,31.8,24.6,0.07,,111000,1
10010,99999,20201210,33.5,29.5,1005.5,1004.3,7.2,12.5,22.3,28.9,36.3,28.8,0.01,,11000,1
10010,99999,20201211,36.6,34.6,1010.0,1008.8,3.2,3.0,14.8,19.4,38.5,34.9,0.21,,10000,1
10010,99999,20201212,33.9,30.7,1017.7,1016.5,7.8,5.8,10.5,14.6,38.5,31.8,0.0,,0,0
10010,99999,20201213,31.5,27.0,1020.4,1019.2,10.4,6.3,13.6,15.5,33.4,28.0,0.0,,0,0
10010,99999,20201214,29.5,25.2,1016.8,1015.6,10.9,7.9,16.1,21.4,32.0,25.7,0.0,,0,0
10010,99999,20201215,24.8,20.6,1016.4,1015.2,14.0,8.9,12.8,20.8,28.8,22.8,0.0,,1000,1
10010,99999,20201216,30.4,26.9,1018.1,1016.9,11.4,12.3,20.0,26.2,31.8,22.8,0.02,,1000,1
10010,99999,20201217,31.2,26.9,1013.2,1012.0,12.4,11.6,23.7,32.1,33.8,28.9,0.01,,0,1
10010,99999,20201218,30.6,25.9,1007.2,1006.0,8.0,19.8,29.7,41.2,35.6,27.9,0.0,,1000,1
10010,99999,20201219,35.3,27.9,,998.7,9.1,26.6,34.6,56.1,38.1,30.2,0.0,,11000,1
10010,99999,20201220,31.8,26.3,996.6,995.4,5.4,29.3,37.1,61.0,36.5,26.2,0.01,,11000,1
10010,99999,20201221,28.1,26.4,996.9,995.7,0.2,31.6,38.5,54.4,29.8,25.7,0.18,,1000,1
10010,99999,20201222,22.9,20.1,1005.6,1004.4,1.8,20.0,28.4,39.8,29.7,16.2,0.41,,11000,1
10010,99999,20201223,17.6,9.7,1014.7,1013.5,11.9,18.1,28.0,44.5,23.9,14.0,0.1,,1000,1
10010,99999,20201224,28.1,23.2,1013.1,1011.9,13.5,9.4,26.2,31.9,34.7,19.6,0.0,,10000,1
10010,99999,20201225,35.3,33.9,980.5,979.3,2.4,16.3,25.1,38.1,37.0,32.9,0.39,,10000,1
10010,99999,20201226,35.2,31.8,980.2,979.1,5.6,14.7,20.4,29.5,38.3,33.4,0.52,,11100,1
10010,99999,20201227,33.9,27.5,1004.6,1003.4,7.9,25.2,34.2,50.1,39.6,29.1,0.02,,11000,1
10010,99999,20201228,30.2,23.3,1008.7,1007.5,9.3,29.2,38.9,49.9,31.3,29.5,0.0,,0,1
10010,99999,20201229,30.5,28.7,1001.1,,2.6,30.0,36.1,49.7,31.3,29.3,0.0,,1000,1
10010,99999,20201230,31.1,29.4,1002.2,1001.0,2.1,25.8,30.3,40.0,32.4,29.3,0.59,,1000,1
10010,99999,20201231,26.8,24.4,1011.9,1010.8,1.5,24.9,32.8,42.0,30.2,24.6,0.29,,1000,1
10014,99999,20200110,34.8,31.3,,,6.2,5.1,14.0,,37.4,32.0,0.0,,0,0
10014,99999,20200122,40.0,36.6,,,6.2,3.6,7.0,,42.8,37.4,0.0,,0,0
10014,99999,20200202,39.7,33.3,,,6.2,4.2,8.0,,44.6,35.6,0.0,,0,0
10014,99999,20200216,43.1,36.8,,,6.2,15.6,18.1,35.0,44.6,41.0,0.0,,0,1
10014,99999,20200219,38.8,36.3,,,6.2,8.1,11.1,,42.8,35.6,0.0,,0,0
10014,99999,20200225,37.7,19.0,,,6.2,5.3,11.1,,39.2,35.6,0.0,,0,0
10014,99999,20200304,41.4,34.3,,,6.2,3.8,7.0,,48.2,37.4,0.0,,0,0
10014,99999,20200306,39.8,29.0,,,6.2,6.1,11.1,,46.4,35.6,0.0,,0,0
10014,99999,20200309,43.2,40.3,,,6.2,8.4,13.0,,46.4,41.0,0.0,,0,0
10014,99999,20200313,34.8,20.4,,,6.2,17.1,26.0,39.0,37.4,32.0,0.0,,0,1
10014,99999,20200317,45.3,41.2,,,6.2,8.9,12.0,24.1,46.4,42.8,0.0,,0,0
10014,99999,20200320,42.5,36.9,,,6.2,4.7,8.9,,46.4,37.4,0.0,,0,0
10014,99999,20200323,42.6,31.1,,,6.2,19.9,26.0,39.0,44.6,39.2,0.0,,0,1
10014,99999,20200324,44.6,33.5,,,6.2,21.1,25.1,42.0,46.4,42.8,0.0,,0,1
10014,99999,20200327,45.3,39.2,,,6.1,4.5,7.0,,51.8,39.2,0.0,,0,0
10014,99999,20200330,42.3,32.0,,,6.2,11.0,15.9,,46.4,39.2,0.0,,0,0
10014,99999,20200406,58.6,33.1,,,6.2,21.4,25.1,36.9,62.6,51.8,0.0,,0,1
10014,99999,20200407,47.1,41.5,,,6.2,4.2,8.9,,51.8,41.0,0.0,,0,0
10014,99999,20200416,42.6,35.6,,,6.2,12.9,17.1,27.0,46.4,39.2,0.0,,0,1
10014,99999,20200417,43.2,28.6,,,6.2,6.6,8.9,,50.0,35.6,0.0,,0,0
10014,99999,20200420,54.9,37.4,,,6.2,3.0,6.0,,66.2,42.8,0.0,,0,0
10014,99999,20200421,57.7,37.2,,,6.2,4.4,8.9,,64.4,50.0,0.0,,0,0
10014,99999,20200422,58.1,37.0,,,6.2,4.5,8.9,,62.6,50.0,0.0,,0,0
10014,99999,20200423,47.8,43.2,,,6.2,6.9,9.9,,51.8,44.6,0.0,,0,0
10014,99999,20200424,48.0,38.1,,,6.2,14.3,18.1,28.0,51.8,44.6,0.0,,0,1
10014,99999,20200427,46.2,37.6,,,6.2,4.7,6.0,,51.8,42.8,0.0,,0,0
10014,99999,20200428,50.0,33.6,,,6.2,5.5,8.0,,55.4,41.0,0.0,,0,0
10014,99999,20200429,46.9,34.7,,,6.2,9.1,11.1,,50.0,41.0,0.0,,0,0
10014,99999,20200504,44.8,32.2,,,6.2,12.6,17.1,,48.2,41.0,0.0,,0,0
10014,99999,20200505,46.6,32.2,,,6.2,5.8,8.9,,50.0,41.0,0.0,,0,0
10014,99999,20200506,49.3,44.4,,,6.2,9.7,14.0,,53.6,46.4,0.0,,0,0
10014,99999,20200507,46.8,39.6,,,6.2,2.2,5.1,,50.0,42.8,0.0,,0,0
10014,99999,20200508,48.2,43.2,,,6.2,6.5,8.9,,51.8,44.6,0.0,,0,0
10014,99999,20200513,43.7,28.8,,,6.2,11.5,14.0,,46.4,39.2,0.0,,0,0
10014,99999,20200515,43.5,34.0,,,6.2,11.0,15.0,,46.4,41.0,0.0,,0,0
10014,99999,20200518,48.9,37.6,,,6.2,3.0,6.0,,53.6,42.8,0.0,,0,0
10014,99999,20200519,49.1,34.7,,,6.2,7.9,11.1,,51.8,44.6,0.0,,0,0
10014,99999,20200520,53.8,35.6,,,6.2,3.6,8.0,,59.0,46.4,0.0,,0,0
10014,99999,20200527,53.4,47.1,,,6.2,8.3,12.0,,55.4,50.0,0.0,,0,0
10014,99999,20200528,53.2,39.6,,,6.2,5.7,9.9,,57.2,46.4,0.0,,0,0
10014,99999,20200529,57.7,41.7,,,6.2,4.0,8.9,,62.6,51.8,0.0,,0,0
10014,99999,20200602,61.2,44.8,,,6.2,5.4,8.0,,64.4,55.4,0.0,,0,0
10014,99999,20200603,59.0,51.1,,,6.2,4.7,8.9,,66.2,53.6,0.0,,0,0
10014,99999,20200608,52.1,41.6,,,6.2,11.1,15.9,,55.4,48.2,0.0,,0,0
10014,99999,20200609,55.1,47.4,,,6.2,4.4,8.0,,57.2,50.0,0.0,,0,0
10014,99999,20200610,56.5,47.1,,,6.2,3.1,6.0,,59.0,50.0,0.0,,0,0
10014,99999,20200611,65.7,49.2,,,6.2,6.1,13.0,,75.2,57.2,0.0,,0,0
10014,99999,20200612,73.6,43.9,,,6.2,8.9,9.9,,78.8,69.8,0.0,,0,0
10014,99999,20200615,67.7,57.2,,,6.2,4.7,8.0,,71.6,62.6,0.0,,0,0
10014,99999,20200616,69.1,54.9,,,6.2,6.0,11.1,,71.6,62.6,0.0,,0,0
10014,99999,20200617,59.7,57.4,,,3.6,5.0,8.0,,66.2,55.4,0.0,,100000,1
10014,99999,20200618,61.1,58.2,,,3.8,5.3,6.0,,68.0,55.4,0.0,,100000,1
10014,99999,20200619,74.6,56.9,,,6.2,5.0,7.0,,80.6,68.0,0.0,,0,0
10014,99999,20200622,63.5,55.6,,,6.2,5.0,8.0,,69.8,57.2,0.0,,0,0
10014,99999,20200623,63.3,48.9,,,6.2,11.2,14.0,,68.0,59.0,0.0,,0,0
10014,99999,20200624,69.6,57.4,,,6.2,7.1,8.9,,75.2,62.6,0.0,,0,0
10014,99999,20200625,72.4,56.2,,,6.2,4.0,5.1,,75.2,66.2,0.0,,0,0
10014,99999,20200626,78.1,55.6,,,6.2,7.8,9.9,,82.4,71.6,0.0,,0,0
10014,99999,20200630,59.9,50.9,,,6.2,5.0,8.0,,62.6,57.2,0.0,,0,0
10014,99999,20200701,58.4,45.2,,,6.2,7.7,11.1,,62.6,55.4,0.0,,0,0
10014,99999,20200709,57.4,45.3,,,6.2,7.9,11.1,,60.8,53.6,0.0,,0,0
10014,99999,20200710,58.3,46.4,,,6.2,10.7,15.0,,60.8,53.6,0.0,,0,0
10014,99999,20200715,59.4,53.8,,,6.2,2.7,7.0,,64.4,55.4,0.0,,0,0
10014,99999,20200716,63.1,52.9,,,6.2,3.9,6.0,,69.8,57.2,0.0,,0,0
10014,99999,20200722,56.2,47.7,,,6.2,3.4,8.0,,60.8,51.8,0.0,,0,0
10014,99999,20200723,60.3,46.2,,,6.2,5.5,7.0,,68.0,53.6,0.0,,0,0
10014,99999,20200724,60.1,51.1,,,6.2,3.8,5.1,,64.4,53.6,0.0,,0,0
10014,99999,20200731,63.0,56.5,,,6.2,3.1,5.1,,69.8,57.2,0.0,,0,0
10014,99999,20200803,57.2,50.7,,,6.2,8.4,11.1,,60.8,53.6,0.0,,0,0
10014,99999,20200807,65.1,60.8,,,6.2,7.9,11.1,,68.0,62.6,0.0,,0,0
10014,99999,20200809,63.5,53.9,,,6.2,13.3,15.0,22.0,64.4,62.6,0.0,,0,0
10014,99999,20200810,62.1,57.4,,,6.2,4.0,8.0,,68.0,51.8,0.0,,100000,1
10014,99999,20200811,69.5,57.3,,,6.2,4.3,8.9,,73.4,62.6,0.0,,0,0
10014,99999,20200812,75.8,61.1,,,6.2,3.2,6.0,,82.4,66.2,0.0,,0,0
10014,99999,20200813,71.2,62.6,,,6.2,3.0,6.0,,75.2,66.2,0.0,,0,0
10014,99999,20200816,70.1,61.8,,,6.2,4.4,6.0,,73.4,64.4,0.0,,100000,1
10014,99999,20200817,67.2,59.9,,,4.4,2.5,8.0,,82.4,57.2,0.0,,100000,1
10014,99999,20200818,76.2,56.8,,,6.2,5.7,8.9,,84.2,71.6,0.0,,0,0
10014,99999,20200819,66.3,60.9,,,6.2,3.0,5.1,,71.6,60.8,0.0,,0,0
10014,99999,20200825,55.9,48.4,,,6.2,3.9,7.0,,59.0,50.0,0.0,,0,0
10014,99999,20200826,59.2,48.7,,,6.2,5.3,8.9,,64.4,51.8,0.0,,0,0
10014,99999,20200827,59.6,49.0,,,6.2,8.4,14.0,,62.6,53.6,0.0,,0,0
10014,99999,20200828,62.9,48.8,,,6.2,4.5,9.9,,68.0,59.0,0.0,,0,0
10014,99999,20200830,58.0,47.2,,,6.2,13.8,18.1,28.0,60.8,53.6,0.0,,0,1
10014,99999,20200831,56.5,45.7,,,6.2,4.9,8.9,,62.6,48.2,0.0,,0,0
10014,99999,20200901,62.3,50.0,,,6.2,6.0,8.0,,66.2,60.8,0.0,,0,0
10014,99999,20200902,65.1,49.6,,,6.2,11.4,14.0,24.1,68.0,60.8,0.0,,0,0
10014,99999,20200910,51.5,40.8,,,6.2,4.8,8.0,,53.6,48.2,0.0,,0,0
10014,99999,20200914,57.5,57.2,,,6.2,7.8,9.9,,59.0,57.2,0.0,,0,0
10014,99999,20200916,56.3,42.8,,,6.2,14.3,19.0,,57.2,55.4,0.0,,0,0
10014,99999,20200917,60.8,50.0,,,6.2,7.3,13.0,,62.6,53.6,0.0,,0,0
10014,99999,20200920,53.3,50.3,,,6.2,5.2,8.0,,57.2,46.4,0.0,,0,0
10014,99999,20200927,56.5,48.7,,,6.2,2.4,5.1,,64.4,48.2,0.0,,0,0
10014,99999,20200928,56.9,53.1,,,6.2,4.2,8.0,,62.6,51.8,0.0,,0,0
10014,99999,20201001,62.0,46.0,,,6.2,16.3,19.0,32.1,64.4,60.8,0.0,,0,1
10014,99999,20201002,64.1,45.6,,,6.2,18.9,21.0,31.1,66.2,62.6,0.0,,0,1
10014,99999,20201005,58.6,45.4,,,6.2,8.9,14.0,,62.6,53.6,0.0,,0,0
10014,99999,20201011,49.3,42.6,,,6.2,9.0,15.0,,55.4,41.0,0.0,,0,0
10014,99999,20201013,54.5,39.5,,,6.2,4.3,6.0,,57.2,51.8,0.0,,0,0
10014,99999,20201014,51.4,39.8,,,6.2,5.2,8.9,,53.6,46.4,0.0,,0,0
10014,99999,20201015,53.1,43.1,,,6.2,4.4,6.0,,55.4,48.2,0.0,,0,0
10014,99999,20201016,52.6,41.5,,,6.2,6.6,8.0,,53.6,50.0,0.0,,0,0
10014,99999,20201018,43.8,33.1,,,6.2,10.8,17.1,,46.4,41.0,0.0,,0,0
10014,99999,20201022,49.2,47.9,,,6.2,2.1,5.1,,51.8,46.4,0.0,,0,0
10014,99999,20201023,46.8,37.4,,,6.2,6.3,11.1,,48.2,44.6,0.0,,0,0
10014,99999,20201108,44.4,43.2,,,6.2,5.4,8.9,,48.2,42.8,0.0,,100000,1
10014,99999,20201109,47.8,38.5,,,6.2,7.3,9.9,,50.0,44.6,0.0,,0,0
10014,99999,20201111,51.0,44.6,,,6.2,12.2,15.9,26.0,51.8,50.0,0.0,,0,1
10014,99999,20201112,52.8,39.7,,,6.2,13.1,15.0,,53.6,51.8,0.0,,0,0
10014,99999,20201120,35.8,32.4,,,6.2,7.4,12.0,,37.4,33.8,0.0,,0,0
10014,99999,20201127,39.8,31.2,,,6.2,10.1,12.0,,41.0,37.4,0.0,,0,0
10014,99999,20201201,39.3,34.2,,,6.2,4.3,12.0,,42.8,37.4,0.0,,0,0
10014,99999,20201206,43.4,32.9,,,6.2,7.0,9.9,,44.6,41.0,0.0,,0,0
10014,99999,20201209,43.0,32.0,,,6.2,9.1,13.0,,44.6,41.0,0.0,,0,0
10014,99999,20201210,44.6,31.7,,,6.2,10.6,15.9,,,,0.0,,0,0
10014,99999,20201211,41.6,24.2,,,6.2,14.9,20.0,25.1,42.8,41.0,0.0,,0,1
10014,99999,20201213,43.0,31.2,,,6.2,5.9,9.9,,44.6,39.2,0.0,,0,0
10014,99999,20201229,38.9,35.3,,,6.2,1.9,4.1,,39.2,37.4,0.0,,0,0
10014,99999,20201230,39.7,34.6,,,6.2,4.4,12.0,,41.0,39.2,0.0,,0,0
10020,99999,20200101,5.8,1.6,994.4,993.6,,10.6,15.5,,8.4,2.3,0.0,,0,0
10020,99999,20200102,4.2,-0.1,994.9,994.1,,12.2,17.5,,7.5,-0.4,0.0,,0,0
10020,99999,20200103,2.3,-1.4,991.3,990.5,,16.8,19.4,,5.0,-0.6,0.0,,0,0
10020,99999,20200104,4.9,2.0,990.9,990.1,,18.2,21.4,,6.8,2.5,0.0,,0,0
10020,99999,20200105,6.9,3.2,1000.3,999.4,,10.0,17.5,,8.4,5.2,0.0,,0,0
10020,99999,20200106,6.9,3.0,1001.1,1000.3,,17.0,29.1,,10.0,4.8,0.0,,0,0
10020,99999,20200107,10.5,7.6,991.0,990.1,,33.7,50.5,,18.0,5.5,0.0,,0,0
10020,99999,20200108,23.2,20.8,980.3,979.5,,36.9,46.6,,26.2,18.1,0.0,,0,0
10020,99999,20200109,13.4,9.0,993.0,992.2,,30.5,40.8,,19.2,8.2,0.0,,0,0
10020,99999,20200110,6.6,2.0,1007.8,1006.9,,18.3,25.3,,9.5,5.7,0.0,,0,0
10020,99999,20200111,4.5,0.4,1009.4,1008.5,,9.4,13.6,,5.7,1.9,0.0,,0,0
10020,99999,20200112,1.8,-2.3,1003.1,1002.3,,8.8,13.6,,3.0,0.7,0.0,,0,0
10020,99999,20200113,3.2,-1.0,1002.0,1001.2,,13.7,21.4,,6.3,-0.9,0.0,,0,0
10020,99999,20200114,5.1,1.5,,,,18.5,21.4,,5.7,4.5,0.0,,0,0
10020,99999,20200115,2.0,-1.6,1000.2,999.4,,14.1,19.4,,3.9,-0.2,0.0,,0,0
10020,99999,20200116,4.0,0.5,1003.8,1002.9,,20.9,23.3,,5.5,2.5,0.0,,0,0
10020,99999,20200117,2.5,-1.1,1008.6,1007.7,,10.0,19.4,,8.6,-0.9,0.0,,0,0
10020,99999,20200118,14.0,10.0,1002.1,1001.3,,17.3,31.1,,26.8,2.8,0.0,,0,0
10020,99999,20200119,16.8,14.8,993.9,993.0,,20.4,31.1,,27.0,8.8,0.0,,0,0
10020,99999,20200120,20.1,18.2,987.8,987.0,,13.9,21.4,,25.9,12.7,0.0,,0,0
10020,99999,20200121,5.4,2.0,1002.0,1001.1,,17.8,25.3,,12.4,3.2,0.0,,0,0
10020,99999,20200122,2.0,-2.4,1013.3,1012.4,,10.4,15.5,,4.5,-5.4,0.0,,0,0
10020,99999,20200123,3.7,-0.8,1007.8,1006.9,,28.3,36.9,,5.9,-6.9,0.0,,0,0
10020,99999,20200124,4.5,0.1,1013.3,1012.4,,20.3,29.1,,10.2,-0.0,0.0,,0,0
10020,99999,20200125,2.0,-4.9,1017.9,1017.0,,11.5,17.5,,5.4,-2.7,0.0,,0,0
10020,99999,20200126,9.6,0.6,1016.7,1015.9,,9.1,15.5,,16.9,-2.9,0.0,,0,0
10020,99999,20200127,16.2,6.7,1014.7,1013.8,,19.0,27.2,,19.6,12.4,0.0,,0,0
10020,99999,20200128,14.6,2.5,1014.5,1013.7,,16.9,21.4,22.5,18.1,12.0,0.0,,0,0
10020,99999,20200129,16.0,4.0,1010.6,1009.8,,11.1,17.5,,20.3,7.9,0.0,,0,0
10020,99999,20200130,17.4,7.9,1000.3,999.5,,10.6,19.4,,22.5,12.6,0.0,,0,0
10020,99999,20200131,13.4,9.0,994.4,993.6,,10.6,15.5,,26.8,6.3,0.0,,0,0
10020,99999,20200201,11.4,8.7,987.5,986.7,,15.7,21.4,,14.7,6.6,0.0,,0,0
10020,99999,20200202,8.3,5.4,981.5,980.7,,15.7,27.2,,15.6,-2.7,0.0,,0,0
10020,99999,20200203,-6.9,-11.5,983.6,982.8,,23.8,29.1,,-3.8,-9.6,0.0,,0,0
10020,99999,20200204,-5.0,-11.2,988.4,987.5,,17.9,23.3,,1.2,-11.7,0.0,,0,0
10020,99999,20200205,-2.4,-9.8,995.4,994.5,,11.7,17.5,,3.7,-7.8,0.0,,0,0
10020,99999,20200206,-4.5,-10.3,1006.5,1005.6,,13.0,17.5,,-0.8,-10.5,0.0,,0,0
10020,99999,20200207,7.5,3.8,989.2,988.3,,29.2,38.9,,13.1,-9.9,0.0,,0,0
10020,99999,20200208,17.8,14.0,985.9,985.1,,24.1,31.1,,21.2,13.8,0.0,,0,0
10020,99999,20200209,15.8,10.9,987.6,986.8,,24.1,33.0,,18.9,13.3,0.0,,0,0
10020,99999,20200210,11.9,6.9,983.0,982.2,,23.0,27.2,28.4,14.7,8.8,0.0,,0,1
10020,99999,20200211,11.8,6.7,982.1,981.3,,26.1,33.0,,14.7,8.4,0.0,,0,0
10020,99999,20200212,-3.5,-7.1,991.4,990.5,,17.2,25.3,,6.8,-7.2,0.0,,0,0
10020,99999,20200213,-5.9,-10.4,997.2,996.3,,14.0,19.4,,-2.9,-7.2,0.0,,0,0
10020,99999,20200214,-2.4,-6.2,1004.3,1003.4,,16.2,23.3,,-0.4,-5.4,0.0,,0,0
10020,99999,20200215,-0.8,-6.1,1001.1,1000.3,,13.9,21.4,,8.1,-8.9,0.0,,0,0
10020,99999,20200216,13.0,7.4,993.0,992.1,,13.2,19.4,,19.2,5.4,0.0,,0,0
10020,99999,20200217,-1.6,-5.6,990.4,989.5,,11.4,13.6,,5.0,-6.3,0.0,,0,0
10020,99999,20200218,-7.6,-11.9,988.9,988.1,,20.6,31.1,,-4.5,-9.8,0.0,,0,0
10020,99999,20200219,-4.5,-9.1,980.1,979.2,,33.2,35.0,,-2.6,-6.0,0.0,,0,0
10020,99999,20200220,-0.1,-4.4,981.4,980.5,,28.0,35.0,,1.8,-2.2,0.0,,0,0
10020,99999,20200221,-4.7,-8.6,982.2,981.4,,10.3,23.3,,-0.8,-9.8,0.0,,0,0
10020,99999,20200222,-8.6,-12.4,979.5,978.6,,4.8,7.8,,-6.9,-11.7,0.0,,0,0
10020,99999,20200223,-10.1,-14.1,985.2,984.3,,8.7,13.6,,-7.4,-13.4,0.0,,0,0
10020,99999,20200224,-6.5,-10.6,988.5,987.7,,18.6,20.0,23.5,-4.0,-11.0,0.0,,0,0
10020,99999,20200225,-8.7,-13.8,990.5,989.6,,17.8,19.4,,-6.3,-10.3,0.0,,0,0
10020,99999,20200226,-8.3,-12.9,993.9,993.0,,11.1,18.8,22.5,-3.3,-14.4,0.0,,0,0
10020,99999,20200227,-18.1,-22.8,999.7,998.8,,10.7,13.6,,-15.3,-20.4,0.0,,0,0
10020,99999,20200228,-22.8,-27.6,1006.4,1005.5,,8.6,13.6,,-18.9,-25.4,0.0,,0,0
10020,99999,20200229,-26.2,-31.3,1010.6,1009.7,,3.9,5.8,,-25.2,-27.4,0.0,,0,0
10020,99999,20200301,-20.0,-24.8,1005.6,1004.6,,5.3,7.8,,-12.8,-27.9,0.0,,0,0
10020,99999,20200302,-24.3,-29.3,1006.3,1005.4,,10.2,13.6,,-16.1,-28.3,0.0,,0,0
10020,99999,20200303,-25.7,-30.8,1015.9,1015.0,,9.7,17.5,,-12.5,-31.7,0.0,,0,0
10020,99999,20200304,-3.1,-6.6,1013.8,1012.9,,24.8,31.1,31.7,3.7,-21.3,0.0,,0,1
10020,99999,20200305,7.1,4.4,1007.8,1006.9,,23.4,31.1,32.6,10.0,3.7,0.0,,0,1
10020,99999,20200306,5.9,2.7,,,,7.5,17.5,,13.6,-0.8,0.0,,0,0
10020,99999,20200307,9.8,7.5,995.9,995.0,,10.2,25.3,,14.7,6.6,0.0,,0,0
10020,99999,20200308,-10.9,-14.9,997.1,996.2,,18.7,23.3,,16.5,-26.9,0.0,,0,0
10020,99999,20200309,-28.4,-33.5,1003.4,1002.5,,8.1,13.6,,-27.2,-29.9,0.0,,0,0
10020,99999,20200310,-31.4,-36.7,1004.4,1003.4,,10.5,11.7,13.2,-29.9,-33.3,0.0,,0,0
10020,99999,20200311,-31.8,-37.2,,998.9,,10.4,13.6,,-28.5,-36.0,0.0,,0,0
10020,99999,20200312,-20.6,-25.5,988.6,987.7,,18.7,21.4,,-15.3,-35.0,0.0,,0,0
10020,99999,20200313,-18.9,-23.9,994.3,993.4,,21.4,27.2,34.6,-16.8,-20.6,0.0,,0,1
10020,99999,20200314,-11.8,-16.8,992.8,991.9,,25.6,31.1,,-6.7,-18.0,0.0,,0,0
10020,99999,20200315,-14.4,-20.4,983.5,982.6,,10.4,17.5,,-9.4,-21.3,0.0,,0,0
10020,99999,20200316,-28.9,-34.2,989.1,988.2,,11.2,17.5,,-23.3,-31.9,0.0,,0,0
10020,99999,20200317,-26.6,-31.8,1001.3,1000.4,,9.5,15.5,,-23.8,-29.2,0.0,,0,0
10020,99999,20200318,-26.5,-31.7,1008.8,1007.8,,12.2,15.5,,-22.7,-28.1,0.0,,0,0
10020,99999,20200319,-16.9,-21.9,1012.9,1012.0,,19.8,27.2,,-5.4,-26.1,0.0,,0,0
10020,99999,20200320,-7.1,-12.9,1009.2,1008.3,,19.2,23.3,,-4.5,-10.5,0.0,,0,0
10020,99999,20200321,-9.6,-13.6,1004.5,1003.6,,9.3,21.4,,1.6,-14.4,0.0,,0,0
10020,99999,20200322,14.5,11.7,982.3,981.5,,17.8,29.1,,21.6,1.6,0.0,,0,0
10020,99999,20200323,3.6,0.1,987.0,986.1,,12.3,23.3,,16.7,-7.4,0.0,,0,0
10020,99999,20200324,3.5,0.4,978.7,977.8,,12.3,21.4,,8.1,-7.4,0.0,,0,0
10020,99999,20200325,-3.9,-8.0,985.0,984.1,,14.9,21.4,,3.7,-9.4,0.0,,0,0
10020,99999,20200326,-10.4,-14.9,997.3,996.4,,14.1,21.4,,-4.4,-15.7,0.0,,0,0
10020,99999,20200327,-13.5,-18.0,1003.0,1002.2,,6.7,13.6,,-11.7,-17.5,0.0,,0,0
10020,99999,20200328,-10.3,-15.5,1008.5,1007.6,,17.5,21.4,23.3,-8.7,-14.3,0.0,,0,0
10020,99999,20200329,-11.3,-16.5,1015.0,1014.1,,19.9,23.3,,-9.6,-12.5,0.0,,0,0
10020,99999,20200330,-11.8,-16.6,1015.6,1014.8,,8.9,19.4,,-8.9,-19.7,0.0,,0,0
10020,99999,20200331,-20.3,-25.2,1015.2,1014.2,,9.1,15.5,,-17.7,-22.9,0.0,,0,0
10020,99999,20200401,-8.3,-12.8,1002.7,1001.8,,21.0,29.1,,0.3,-22.5,0.0,,0,0
10020,99999,20200402,-6.6,-11.2,994.5,993.6,,11.1,15.5,,-1.3,-15.9,0.0,,0,0
10020,99999,20200403,-19.0,-24.0,1003.3,1002.4,,4.5,7.8,,-14.3,-21.5,0.0,,0,0
10020,99999,20200404,-13.5,-18.1,1016.9,1016.0,,8.9,13.6,,-9.9,-18.0,0.0,,0,0
10020,99999,20200405,-10.2,-14.7,1019.1,1018.2,,11.3,15.5,16.3,-5.3,-14.6,0.0,,0,0
10020,99999,20200406,1.9,-3.7,1016.0,1015.1,,11.0,17.5,,8.6,-8.5,0.0,,0,0
10020,99999,20200407,-4.7,-8.5,1008.5,1007.6,,4.8,9.7,,-1.3,-11.7,0.0,,0,0
10020,99999,20200408,-19.1,-23.9,1009.2,1008.3,,6.5,15.5,,-12.5,-23.6,0.0,,0,0
10020,99999,20200409,-5.6,-9.5,1005.3,1004.4,,13.6,21.4,,1.0,-20.0,0.0,,0,0
10020,99999,20200410,-9.2,-13.4,1009.5,1008.6,,6.2,9.7,,-6.2,-12.8,0.0,,0,0
10020,99999,20200411,-13.7,-18.2,1018.3,1017.4,,4.9,7.8,,-10.1,-18.4,0.0,,0,0
10020,99999,20200412,-16.2,-21.3,1019.8,1018.9,,2.9,3.9,,-7.6,-20.9,0.0,,0,0
10020,99999,20200413,-9.7,-14.4,1012.9,1012.0,,14.4,29.1,,5.5,-25.4,0.0,,0,0
10020,99999,20200414,14.8,12.4,994.9,994.0,,31.9,36.9,,24.1,-0.9,0.0,,0,0
10020,99999,20200415,26.2,24.6,991.2,990.4,,25.1,35.0,,30.0,21.7,0.0,,0,0
10020,99999,20200416,30.1,24.7,993.8,993.0,,18.1,31.1,,34.9,19.4,0.0,,0,0
10020,99999,20200417,17.8,15.1,1008.6,1007.8,,4.5,9.7,10.5,22.5,14.5,0.0,,0,0
10020,99999,20200418,23.7,19.0,1005.2,1004.4,,9.8,13.6,,33.6,15.6,0.0,,0,0
10020,99999,20200419,30.3,25.2,995.7,994.9,,11.9,17.5,,39.7,21.6,0.0,,0,0
10020,99999,20200420,17.8,12.8,998.6,997.8,,29.4,35.0,38.3,29.3,12.0,0.0,,0,1
10020,99999,20200421,14.4,7.2,1015.7,1014.8,,19.0,29.1,,16.0,11.7,0.0,,0,0
10020,99999,20200422,11.5,6.2,1025.1,1024.2,,8.0,11.7,,16.5,7.3,0.0,,0,0
10020,99999,20200423,9.4,4.7,1022.7,1021.8,,4.7,7.8,,14.5,2.7,0.0,,0,0
10020,99999,20200424,5.5,1.6,1020.8,1019.9,,4.8,9.7,,10.6,-0.4,0.0,,0,0
10020,99999,20200425,6.7,3.0,1018.6,1017.7,,9.2,11.7,,9.7,2.1,0.0,,0,0
10020,99999,20200426,6.1,2.6,1022.0,1021.1,,5.7,9.7,,8.4,-0.8,0.0,,0,0
10020,99999,20200427,10.3,5.1,1018.4,1017.6,,7.8,9.7,11.1,17.2,0.5,0.0,,0,0
10020,99999,20200428,25.0,18.1,1010.1,1009.3,,13.3,17.5,17.7,34.7,9.5,0.0,,0,0
10020,99999,20200429,31.3,26.0,1007.9,1007.1,,12.1,19.4,,36.9,19.8,0.0,,0,0
10020,99999,20200430,13.0,9.6,1014.1,1013.3,,10.1,13.6,,18.9,7.5,0.0,,0,0
10020,99999,20200501,11.8,8.4,1011.9,1011.1,,5.7,11.7,,14.4,4.8,0.0,,0,0
10020,99999,20200502,6.6,3.3,1019.4,1018.5,,6.0,9.7,,12.4,1.8,0.0,,0,0
10020,99999,20200503,3.2,-0.3,1018.8,1017.9,,5.5,9.7,,7.0,0.9,0.0,,0,0
10020,99999,20200504,10.3,1.9,1008.3,1007.5,,5.7,9.7,,17.2,1.4,0.0,,0,0
10020,99999,20200505,21.2,17.9,1002.4,1001.6,,13.4,21.4,,25.9,10.2,0.0,,0,0
10020,99999,20200506,24.1,21.9,1002.7,1001.9,,10.5,13.6,,27.5,18.3,0.0,,0,0
10020,99999,20200507,22.6,19.8,1002.5,1001.6,,10.6,15.5,18.8,25.0,19.6,0.0,,0,0
10020,99999,20200508,17.0,13.7,1004.0,1003.2,,10.6,15.5,,22.1,15.6,0.0,,0,0
10020,99999,20200509,13.2,8.7,1013.8,1013.0,,12.6,17.5,,20.1,8.6,0.0,,0,0
10020,99999,20200510,8.8,4.3,1018.2,1017.4,,4.9,9.7,12.8,9.7,7.9,0.0,,0,0
10020,99999,20200511,8.7,4.5,1012.1,1011.2,,10.0,11.1,14.6,9.1,8.1,0.0,,0,0
10020,99999,20200512,18.7,15.9,997.1,996.3,,19.3,27.2,,25.7,10.4,0.0,,0,0
10020,99999,20200513,29.4,28.0,991.4,990.6,,31.0,38.9,43.7,31.1,27.3,0.0,,0,1
10020,99999,20200514,30.4,28.8,1018.3,1017.5,,16.0,25.3,,32.0,27.9,0.0,,0,0
10020,99999,20200515,33.0,27.9,1016.5,1015.7,,19.0,27.2,,34.9,30.4,0.0,,0,0
10020,99999,20200516,29.5,26.4,1022.7,1021.9,,13.0,21.4,21.8,30.7,27.1,0.0,,0,0
10020,99999,20200517,26.1,24.3,1020.6,1019.8,,11.6,15.5,18.6,27.1,24.4,0.0,,0,0
10020,99999,20200518,24.7,23.2,1018.3,1017.5,,3.1,5.8,,26.6,22.6,0.0,,0,0
10020,99999,20200519,28.4,26.3,1018.2,1017.4,,5.2,9.7,11.1,30.6,26.4,0.0,,0,0
10020,99999,20200520,30.2,27.5,1020.3,1019.5,,9.1,16.3,17.5,35.2,28.0,0.0,,0,0
10020,99999,20200521,29.4,26.3,1018.5,1017.7,,15.7,19.4,21.2,32.5,27.1,0.0,,0,0
10020,99999,20200522,25.9,21.0,1016.0,1015.2,,7.5,11.7,,27.1,23.7,0.0,,0,0
10020,99999,20200523,25.8,22.2,1013.6,1012.7,,15.5,23.3,,29.8,18.1,0.0,,0,0
10020,99999,20200524,32.2,28.8,1015.0,1014.2,,16.6,21.4,,34.9,29.7,0.0,,0,0
10020,99999,20200525,30.6,28.2,1015.1,1014.3,,18.5,27.2,,32.5,28.2,0.0,,0,0
10020,99999,20200526,35.2,31.5,1007.3,1006.4,,20.0,29.1,,43.2,31.8,0.0,,0,0
10020,99999,20200527,36.4,31.8,1005.5,1004.7,,14.9,23.3,,41.2,33.1,0.0,,0,0
10020,99999,20200528,34.4,32.4,1005.9,1005.1,,8.6,15.5,,36.3,32.9,0.0,,0,0
10020,99999,20200529,33.4,33.0,1011.9,1011.1,,7.0,13.6,,34.5,32.2,0.0,,0,0
10020,99999,20200530,33.4,32.3,1022.6,1021.8,,8.2,13.6,,35.6,32.4,0.0,,0,0
10020,99999,20200531,34.0,32.0,1016.1,1015.3,,12.3,21.4,,37.4,32.9,0.0,,0,0
10020,99999,20200601,34.0,32.4,1010.7,1009.9,,8.7,17.5,,36.0,32.0,0.0,,0,0
10020,99999,20200602,31.4,31.4,1003.6,1002.8,,11.9,15.5,,32.0,30.9,0.0,,0,0
10020,99999,20200603,28.3,27.2,1010.7,1009.9,,10.6,15.5,,30.7,27.3,0.0,,0,0
10020,99999,20200604,29.6,27.3,1021.1,1020.3,,9.1,11.7,,31.3,28.6,0.0,,0,0
10020,99999,20200605,30.6,27.4,1025.9,1025.1,,6.8,9.7,,32.2,29.3,0.0,,0,0
10020,99999,20200606,31.9,27.7,1021.2,1020.4,,11.3,19.4,,36.3,27.3,0.0,,0,0
10020,99999,20200607,30.9,28.8,1002.6,1001.8,,28.4,38.9,39.0,34.9,27.7,0.0,,0,1
10020,99999,20200608,33.4,32.4,993.3,992.5,,7.1,25.3,,35.6,31.8,0.0,,0,0
10020,99999,20200609,31.9,31.8,1000.6,999.8,,8.4,15.5,,32.4,31.5,0.0,,0,0
10020,99999,20200610,32.5,32.5,1015.4,1014.6,,6.6,9.7,,33.8,32.0,0.0,,0,0
10020,99999,20200611,33.9,32.8,1012.7,1011.9,,9.3,15.5,,40.5,32.2,0.0,,0,0
10020,99999,20200612,35.0,33.2,1003.5,1002.7,,5.7,9.7,,38.5,32.5,0.0,,0,0
10020,99999,20200613,30.5,28.3,1008.3,1007.5,,15.4,23.3,,33.3,27.3,0.0,,0,0
10020,99999,20200614,29.1,26.7,1002.6,1001.8,,8.3,13.6,,31.1,27.3,0.0,,0,0
10020,99999,20200615,29.9,27.8,1004.3,1003.4,,20.4,25.3,25.8,32.0,27.0,0.0,,0,1
10020,99999,20200616,30.5,29.0,1012.4,1011.6,,17.8,25.3,,32.0,29.7,0.0,,0,0
10020,99999,20200617,32.1,30.1,1013.2,1012.4,,12.0,15.5,,33.4,30.4,0.0,,0,0
10020,99999,20200618,32.3,32.0,1008.5,1007.7,,10.5,13.6,19.0,33.1,30.9,0.0,,0,0
10020,99999,20200619,36.2,32.6,1012.1,1011.2,,8.7,17.5,,42.8,33.6,0.0,,0,0
10020,99999,20200620,37.9,32.0,1010.7,1009.9,,9.9,17.5,,44.6,34.3,0.0,,0,0
10020,99999,20200621,32.8,32.0,1016.8,1015.9,,5.9,11.7,,35.4,29.7,0.0,,0,0
10020,99999,20200622,32.7,30.9,1019.0,1018.2,,6.3,9.7,11.5,38.5,28.6,0.0,,0,0
10020,99999,20200623,34.0,31.8,1019.9,1019.1,,6.2,9.7,,39.4,29.3,0.0,,0,0
10020,99999,20200624,36.6,33.4,1017.3,1016.5,,5.3,11.7,,40.5,33.1,0.0,,0,0
10020,99999,20200625,38.0,34.7,1012.4,1011.6,,2.8,5.8,,43.2,34.5,0.0,,0,0
10020,99999,20200626,33.5,33.5,1012.8,1012.0,,8.9,15.5,,35.6,32.0,0.0,,0,0
10020,99999,20200627,31.8,31.8,1018.9,1018.0,,10.1,13.6,,32.2,31.1,0.0,,0,0
10020,99999,20200628,31.5,31.5,1022.0,1021.2,,6.9,7.8,,32.4,29.8,0.0,,0,0
10020,99999,20200629,30.0,29.9,1022.7,1021.9,,5.4,8.0,,30.7,28.4,0.0,,0,0
10020,99999,20200630,30.2,29.4,1016.6,1015.8,,4.6,5.8,,32.5,27.5,0.0,,0,0
10020,99999,20200701,30.4,29.4,1008.9,1008.1,,4.9,5.8,,33.1,28.2,0.0,,0,0
10020,99999,20200702,31.0,31.0,1003.6,1002.8,,4.6,6.6,,32.4,27.5,0.0,,0,0
10020,99999,20200703,35.7,33.4,999.2,998.4,,15.2,27.2,,39.2,31.8,0.0,,0,0
10020,99999,20200704,38.1,33.3,1007.9,1007.1,,21.3,29.1,,43.9,35.1,0.0,,0,0
10020,99999,20200705,36.3,34.6,1010.5,1009.7,,14.5,23.3,,38.8,34.7,0.0,,0,0
10020,99999,20200706,36.5,35.2,1008.2,1007.4,,12.1,21.4,,38.8,35.1,0.0,,0,0
10020,99999,20200707,35.8,34.2,1003.8,1003.0,,15.7,27.2,,37.0,34.5,0.0,,0,0
10020,99999,20200708,36.7,34.4,1006.6,1005.8,,15.1,21.4,,39.9,34.5,0.0,,0,0
10020,99999,20200709,38.5,35.1,1015.2,1014.4,,16.5,26.8,33.0,43.5,36.3,0.0,,0,1
10020,99999,20200710,38.2,35.9,1011.1,1010.2,,15.4,23.3,25.8,41.9,35.2,0.0,,0,1
10020,99999,20200711,37.5,34.7,1005.4,1004.6,,26.5,35.0,,41.5,34.7,0.0,,0,0
10020,99999,20200712,40.2,35.3,1014.5,1013.7,,10.9,31.1,,48.2,35.2,0.0,,0,0
10020,99999,20200713,35.3,33.8,1021.3,1020.5,,2.9,3.9,,39.2,34.5,0.0,,0,0
10020,99999,20200714,35.3,34.7,1018.8,1018.0,,6.2,13.6,,37.6,33.3,0.0,,0,0
10020,99999,20200715,33.6,33.6,1011.4,1010.5,,12.4,17.5,,34.0,32.9,0.0,,0,0
10020,99999,20200716,34.7,34.7,1010.6,1009.7,,7.7,9.7,,36.0,33.8,0.0,,0,0
10020,99999,20200717,38.0,38.0,1011.9,1011.1,,4.4,7.8,,42.4,34.9,0.0,,0,0
10020,99999,20200718,37.1,35.8,1009.3,1008.5,,20.2,25.3,,41.2,35.2,0.0,,0,0
10020,99999,20200719,36.6,34.9,1008.0,1007.2,,10.7,23.3,,39.9,34.7,0.0,,0,0
10020,99999,20200720,36.1,35.5,1012.9,1012.1,,4.8,9.7,,38.7,34.9,0.0,,0,0
10020,99999,20200721,39.1,38.6,1013.9,1013.1,,3.7,5.8,,41.5,36.5,0.0,,0,0
10020,99999,20200722,36.8,36.4,1014.1,1013.3,,5.0,9.7,,38.5,34.3,0.0,,0,0
10020,99999,20200723,41.2,38.6,1014.7,1013.9,,9.0,15.5,,44.8,37.6,0.0,,0,0
10020,99999,20200724,44.5,40.3,1015.1,1014.3,,9.1,13.6,,51.8,39.9,0.0,,0,0
10020,99999,20200725,47.7,42.1,1016.3,1015.5,,13.0,19.4,,55.2,40.1,0.0,,0,0
10020,99999,20200726,50.2,43.1,1019.2,1018.4,,11.9,19.4,,54.3,46.0,0.0,,0,0
10020,99999,20200727,51.0,42.2,1019.0,1018.2,,10.0,15.5,,55.9,44.6,0.0,,0,0
10020,99999,20200728,52.2,41.8,1016.8,1016.0,,17.6,23.3,,62.4,45.3,0.0,,0,0
10020,99999,20200729,45.7,41.4,1017.3,1016.5,,10.8,19.4,,52.2,41.9,0.0,,0,0
10020,99999,20200730,46.8,42.7,1019.0,1018.2,,5.7,11.7,,51.1,41.5,0.0,,0,0
10020,99999,20200731,45.2,42.2,1018.7,1017.9,,4.3,9.7,,49.3,41.9,0.0,,0,0
10020,99999,20200801,40.3,40.1,1018.3,1017.5,,3.8,5.8,,43.3,39.0,0.0,,0,0
10020,99999,20200802,40.7,39.7,1017.0,1016.2,,5.7,11.7,,45.3,38.5,0.0,,0,0
10020,99999,20200803,38.4,38.3,1013.2,1012.4,,4.9,11.7,,40.1,37.2,0.0,,0,0
10020,99999,20200804,37.6,37.6,1007.7,1006.8,,3.5,7.8,,38.8,35.6,0.0,,0,0
10020,99999,20200805,40.3,40.3,1007.7,1006.8,,9.3,11.7,,41.4,37.6,0.0,,0,0
10020,99999,20200806,41.5,41.5,1013.1,1012.3,,7.0,11.7,,42.8,40.3,0.0,,0,0
10020,99999,20200807,40.9,40.6,1016.9,1016.1,,5.7,7.8,,42.4,38.7,0.0,,0,0
10020,99999,20200808,42.1,37.4,1019.3,1018.5,,12.1,17.5,,45.5,38.7,0.0,,0,0
10020,99999,20200809,40.1,35.8,1014.5,1013.7,,19.8,31.1,,42.6,38.1,0.0,,0,0
10020,99999,20200810,42.0,39.1,1019.3,1018.5,,10.2,13.6,,45.5,39.4,0.0,,0,0
10020,99999,20200811,43.4,41.5,1023.8,1023.0,,7.5,13.6,,45.0,42.1,0.0,,0,0
10020,99999,20200812,41.5,38.4,1021.1,1020.3,,14.0,21.4,22.3,43.7,37.8,0.0,,0,0
10020,99999,20200813,39.3,37.6,1009.6,1008.8,,19.0,23.3,,40.8,38.1,0.0,,0,0
10020,99999,20200814,40.3,38.4,1002.4,1001.6,,20.6,27.2,,42.6,37.2,0.0,,0,0
10020,99999,20200815,37.6,35.3,994.2,993.4,,19.1,27.2,,39.2,35.4,0.0,,0,0
10020,99999,20200816,38.7,37.8,997.4,996.6,,7.7,11.7,,40.1,37.6,0.0,,0,0
10020,99999,20200817,38.6,37.8,1004.1,1003.3,,6.4,7.8,,39.7,37.4,0.0,,0,0
10020,99999,20200818,40.0,37.9,1009.8,1009.0,,12.5,21.4,,41.2,36.9,0.0,,0,0
10020,99999,20200819,39.5,37.6,1006.3,1005.5,,14.2,21.4,,41.5,37.2,0.0,,0,0
10020,99999,20200820,38.9,37.2,1005.5,1004.7,,18.5,29.1,,41.4,37.2,0.0,,0,0
10020,99999,20200821,40.5,37.0,1005.2,1004.4,,8.5,17.5,,45.1,36.3,0.0,,0,0
10020,99999,20200822,40.6,37.5,1002.7,1001.9,,5.4,9.7,,42.4,38.1,0.0,,0,0
10020,99999,20200823,38.3,36.0,1000.5,999.7,,7.1,11.7,,41.4,33.8,0.0,,0,0
10020,99999,20200824,35.2,32.4,1004.1,1003.3,,8.0,11.7,13.8,37.2,33.3,0.0,,0,0
10020,99999,20200825,33.5,28.7,1000.3,999.5,,8.3,11.7,,34.9,32.2,0.0,,0,0
10020,99999,20200826,33.1,28.2,1000.2,999.4,,10.3,17.5,,33.8,31.8,0.0,,0,0
10020,99999,20200827,34.1,30.6,1002.1,1001.3,,19.4,25.3,,35.1,33.4,0.0,,0,0
10020,99999,20200828,34.6,32.8,999.7,998.9,,16.3,25.3,,36.7,33.1,0.0,,0,0
10020,99999,20200829,36.7,34.5,988.9,988.1,,11.1,23.3,,38.3,34.3,0.0,,0,0
10020,99999,20200830,36.5,33.5,995.1,994.3,,26.7,33.0,,37.8,35.6,0.0,,0,0
10020,99999,20200831,37.5,33.8,995.7,994.9,,12.5,19.4,,39.2,35.2,0.0,,0,0
10020,99999,20200901,38.2,34.1,999.1,998.3,,9.7,15.5,,39.4,36.0,0.0,,0,0
10020,99999,20200915,35.3,26.6,1016.9,1016.1,,10.6,11.7,15.3,35.6,33.4,0.0,,0,0
10020,99999,20201002,29.7,22.2,1027.9,1027.1,,7.6,8.7,9.9,32.9,27.5,0.0,,0,0
10020,99999,20201203,14.5,9.3,1012.2,1011.3,,23.4,28.2,34.6,16.9,13.3,0.0,,0,1
10020,99999,20201204,10.8,5.5,1016.1,1015.3,,18.5,20.6,29.3,15.6,8.4,0.0,,0,1
