STN---,WBAN,YEARMODA,TEMP,Unnamed: 4,DEWP,Unnamed: 6,SLP,Unnamed: 8,STP,Unnamed: 10,VISIB,Unnamed: 12,WDSP,Unnamed: 14,MXSPD,GUST,MAX,MIN,PRCP,SNDP,FRSHTT
8415,99999,20200313,82.7,6,73.2,6,1010.9,6,9999.9,0,999.9,0,14.5,6,17.1,21.0,83.3*,82.2*,0.00I,999.9,0
8415,99999,20200314,83.1,8,72.4,8,1008.7,8,9999.9,0,999.9,0,11.0,8,14.0,17.1,83.7*,82.4*,0.00I,999.9,0
10010,99999,20200101,31.5,24,29.3,24,974.9,24,973.8,24,3.7,6,9.9,24,15.9,24.1,35.8,23.5*,0.37G,999.9,10000
10010,99999,20200102,26.0,24,23.4,24,960.1,24,959.0,24,4.9,6,23.0,24,37.3,49.1,34.2*,19.0,0.54E,999.9,101000
10010,99999,20200103,25.1,21,18.9,21,985.5,21,984.3,21,999.9,0,33.4,21,50.5,65.9,33.6*,19.6*,0.31E,999.9,10000
10010,99999,20200104,24.1,23,16.1,23,1007.2,23,1006.0,23,8.2,5,13.3,23,25.6,31.3,31.3*,19.2,0.06G,999.9,1000
10010,99999,20200105,34.4,24,32.5,24,981.8,24,980.6,24,4.2,6,12.9,24,25.6,34.0,37.4,26.4,0.02G,999.9,10000
10010,99999,20200106,35.7,22,33.2,22,973.8,22,972.7,22,8.4,4,13.4,21,28.9,39.2,38.3*,33.4,0.09G,999.9,100000
10010,99999,20200107,32.9,24,30.4,24,951.5,24,950.4,24,2.9,6,15.8,24,28.0,35.5,37.9,28.9*,0.29G,999.9,110000
10010,99999,20200108,31.7,24,29.2,24,948.1,24,947.0,24,2.6,6,22.0,24,32.8,57.3,32.9,28.0*,0.00G,999.9,10000
10010,99999,20200109,29.1,24,22.0,24,980.4,24,979.2,24,14.2,6,13.0,23,35.2,52.6,32.7,25.5,0.12G,999.9,11000
10010,99999,20200110,28.4,23,20.0,23,991.0,23,989.8,23,16.2,5,10.0,23,13.8,29.7,32.7,24.8,0.14G,999.9,0
10010,99999,20200111,31.5,19,26.8,19,975.2,19,974.0,19,6.2,4,28.4,19,49.1,62.5,34.2*,25.7,0.00G,999.9,10000
10010,99999,20200112,32.6,23,30.5,23,969.5,23,968.4,23,2.1,5,29.0,23,46.6,59.1,35.6*,29.7,0.56G,0.4,11000
10010,99999,20200113,28.6,19,26.1,19,983.7,19,982.5,19,3.7,4,30.9,19,42.7,58.5,31.3*,27.5*,0.22G,999.9,1000
10010,99999,20200114,32.3,24,29.0,24,981.2,24,980.0,24,3.6,6,28.1,24,35.0,40.0,33.8,27.9,0.06G,999.9,110000
10010,99999,20200115,31.1,21,30.0,21,985.0,21,983.9,21,999.9,0,33.0,21,40.8,48.2,31.6*,30.2*,0.00G,999.9,0
10010,99999,20200116,32.7,24,28.1,24,1001.2,24,1000.0,24,7.7,6,20.9,24,27.2,34.4,33.8,30.4,0.13G,999.9,1000
10010,99999,20200117,33.8,24,27.9,24,1006.5,24,1005.3,24,7.1,6,22.8,24,27.2,31.7,34.9*,32.5,0.00G,999.9,10000
10010,99999,20200118,33.6,24,30.2,24,1001.0,24,999.9,24,5.2,6,16.4,24,28.6,41.2,35.6,27.1*,0.00G,999.9,110000
10010,99999,20200119,33.6,24,28.3,24,997.0,24,995.8,24,5.7,6,17.7,24,31.1,37.9,40.1,26.8,0.12G,999.9,10000
10010,99999,20200120,30.6,24,25.2,24,985.0,24,983.8,24,6.4,6,21.7,24,35.0,40.6,40.1,25.3*,0.13G,999.9,11000
10010,99999,20200121,27.6,22,23.7,22,1002.7,22,1001.5,22,2.3,4,17.6,22,31.1,45.5,32.4,21.7*,0.00G,999.9,1000
10010,99999,20200122,30.7,22,26.1,22,1006.8,22,1005.6,22,8.5,4,15.0,22,29.1,999.9,37.6*,25.7,0.13G,999.9,100000
10010,99999,20200123,30.7,23,24.1,23,976.1,23,974.9,23,11.1,5,17.9,23,27.2,32.6,35.4*,26.6*,0.32G,999.9,1000
10010,99999,20200124,27.0,21,21.1,21,985.2,21,984.0,21,999.9,0,15.7,21,27.0,30.3,28.8*,25.7*,0.00G,999.9,1000
10010,99999,20200125,30.7,24,25.2,24,996.5,24,995.3,24,8.1,6,12.2,24,19.4,20.6,33.1,26.1,0.06G,999.9,11000
10010,99999,20200126,33.9,24,28.1,24,998.0,24,996.8,24,7.5,6,30.7,24,36.3,49.0,35.1*,29.3,0.01G,999.9,10000
10010,99999,20200127,34.0,24,33.1,24,990.7,24,989.5,24,1.6,6,20.9,24,37.3,53.6,36.0,31.5,0.00G,999.9,110000
10010,99999,20200128,33.2,24,30.6,24,992.7,24,991.5,24,3.2,6,11.2,24,24.9,27.8,35.8,28.9,0.12G,999.9,110000
10010,99999,20200129,34.5,24,29.8,24,992.8,24,991.6,24,7.8,6,5.8,23,19.4,999.9,35.6,33.6*,0.01G,999.9,1000
10010,99999,20200130,34.0,24,30.1,24,989.1,24,987.9,24,8.3,6,11.4,24,21.4,29.7,35.8,32.2,0.00G,999.9,11000
10010,99999,20200131,32.0,22,29.9,22,984.7,22,983.5,22,2.2,4,19.3,22,31.1,39.0,35.8,29.5*,0.03E,999.9,101000
10010,99999,20200201,25.0,22,20.7,22,989.2,22,988.0,22,7.8,4,22.3,22,31.1,42.2,28.8*,23.0*,0.02E,999.9,1000
10010,99999,20200202,18.5,24,11.5,24,999.0,24,997.8,24,10.9,6,13.1,24,17.5,21.0,22.3*,15.3,0.06G,999.9,1000
10010,99999,20200203,15.4,23,8.5,23,1003.9,23,1002.7,23,3.8,5,14.3,23,22.9,29.5,17.8*,12.0*,0.01G,999.9,1000
10010,99999,20200204,16.5,23,6.9,23,1005.2,23,1004.0,23,4.0,6,14.9,23,21.4,36.5,18.1,12.4,0.00G,999.9,1000
10010,99999,20200205,17.1,24,9.6,24,1011.4,24,1010.2,24,7.6,6,10.6,24,23.3,36.9,23.0*,14.0,0.03G,999.9,1000
10010,99999,20200206,33.7,23,29.7,23,1001.5,23,1000.3,23,4.9,5,19.3,23,31.3,47.8,41.0,17.8,0.01G,999.9,111000
10010,99999,20200207,37.1,23,33.0,22,993.2,22,992.1,22,6.7,5,16.0,22,31.1,34.4,40.8*,35.8*,0.24G,999.9,10000
10010,99999,20200208,36.3,23,35.0,23,979.2,23,978.1,23,1.4,5,10.9,23,15.5,18.3,37.4*,35.1,0.42G,999.9,110000
10010,99999,20200209,35.7,24,33.0,24,960.5,24,959.4,24,5.3,6,17.8,24,27.2,34.8,38.7,32.9,0.37G,0.4,10000
10010,99999,20200210,32.5,24,27.7,24,965.2,24,964.1,24,9.3,6,21.0,24,33.8,51.1,36.7,28.6*,0.02G,999.9,0
10010,99999,20200211,25.3,22,20.9,22,977.9,22,976.8,22,5.3,4,26.8,21,31.1,43.1,30.2,18.3*,0.01G,999.9,1000
10010,99999,20200212,18.4,24,12.1,24,988.3,24,987.1,24,2.2,6,21.1,24,33.0,45.5,23.2*,14.5,0.06G,999.9,1000
10010,99999,20200213,21.8,23,15.6,23,999.5,23,998.3,23,3.8,5,18.4,23,25.3,38.5,22.8,20.5*,0.12G,999.9,1000
10010,99999,20200214,23.8,23,16.6,23,1003.6,23,1002.4,23,16.8,5,15.6,23,25.3,999.9,31.3*,18.9*,0.07G,999.9,0
10010,99999,20200215,33.8,22,32.1,22,982.6,22,981.5,22,2.1,4,20.9,22,35.4,46.6,36.5*,31.3*,0.00G,999.9,110000
10010,99999,20200216,35.6,24,30.6,24,971.2,24,970.1,24,2.5,6,26.4,24,35.0,55.9,37.4,33.3*,0.10G,999.9,0
10010,99999,20200217,30.7,24,23.5,24,979.9,24,978.8,24,6.9,6,30.6,24,41.6,57.1,35.8,28.2*,0.00G,999.9,1000
10010,99999,20200218,23.7,24,17.6,24,995.3,24,994.1,24,9.3,6,16.3,24,23.3,30.5,28.8*,17.4,0.00G,999.9,1000
10010,99999,20200219,24.8,24,16.6,24,996.8,24,995.6,24,16.1,6,4.7,24,9.7,12.8,25.7,22.6,0.02G,999.9,0
10010,99999,20200220,29.5,24,24.1,24,978.4,24,977.3,24,12.0,6,20.6,24,36.5,52.6,33.8*,22.5,0.00G,999.9,10000
10010,99999,20200221,26.7,24,19.8,24,970.9,24,969.7,24,6.7,6,33.2,24,43.5,55.2,28.4*,25.3*,0.00G,999.9,1000
10010,99999,20200222,25.1,23,16.1,23,974.6,23,973.4,23,5.6,5,22.1,23,33.0,41.2,25.7*,23.7,0.00G,999.9,1000
10010,99999,20200223,18.7,22,12.0,22,990.1,22,988.9,22,7.8,4,13.5,22,23.3,25.4,23.5*,15.4*,0.11G,999.9,1000
10010,99999,20200224,16.2,24,5.6,24,1000.1,24,998.9,24,7.6,6,9.5,24,13.6,21.4,17.4*,14.9,0.03G,999.9,1000
10010,99999,20200225,18.2,24,9.2,24,998.5,24,997.3,24,6.4,6,19.4,24,33.2,41.2,20.8,14.4,0.02G,999.9,0
10010,99999,20200226,18.5,24,10.3,24,1002.5,24,1001.3,24,5.4,6,21.2,24,28.4,37.1,21.9,16.7*,0.02G,999.9,1000
10010,99999,20200227,18.2,24,10.8,24,1003.3,24,1002.1,24,7.0,6,17.2,24,23.5,29.5,20.3,15.3,0.01G,999.9,1000
10010,99999,20200228,17.8,24,6.0,24,1007.3,24,1006.1,24,15.5,6,12.2,24,18.5,27.6,20.3*,16.2,0.00G,999.9,0
10010,99999,20200229,24.1,24,14.7,24,1006.5,24,1005.3,24,12.4,6,19.9,24,25.3,32.4,27.7*,16.5,0.00G,999.9,0
10010,99999,20200301,30.1,24,19.6,24,1005.5,24,1004.3,24,10.3,6,20.0,24,26.0,31.7,32.4,26.2,0.00G,999.9,1000
10010,99999,20200302,31.8,24,22.7,24,1010.4,24,1009.2,24,18.1,6,10.9,24,15.5,18.1,33.1,29.7,0.00E,999.9,0
10010,99999,20200303,33.8,24,27.1,24,1010.6,24,1009.4,24,10.5,6,15.6,24,22.1,31.3,35.1,31.6,0.00G,999.9,11000
10010,99999,20200304,34.4,23,32.9,23,994.8,23,993.6,23,3.0,5,8.2,23,19.4,23.1,36.5,33.3*,0.07G,999.9,110000
10010,99999,20200305,30.2,24,27.7,24,992.7,24,991.5,24,9.3,6,12.7,23,26.6,33.8,33.1*,26.6*,0.08G,999.9,0
10010,99999,20200306,23.1,23,19.6,23,996.9,23,995.7,23,4.5,5,24.2,23,26.8,38.1,26.2*,19.4,0.00G,999.9,100000
10010,99999,20200307,17.6,24,10.7,24,1002.3,24,1001.1,24,7.8,6,13.6,24,19.4,32.4,20.7,16.0,0.02G,999.9,10000
10010,99999,20200308,18.7,24,13.0,24,996.5,24,995.3,24,4.5,6,25.3,24,33.4,47.6,23.5*,15.1,0.01G,999.9,1000
10010,99999,20200309,15.4,24,9.0,24,1002.5,24,1001.3,24,6.7,6,22.5,24,33.0,46.0,23.4,12.2,0.02G,999.9,1000
10010,99999,20200310,20.3,24,12.5,24,1001.4,24,1000.2,24,15.0,6,8.1,24,13.6,19.0,25.2,13.1,0.00G,999.9,0
10010,99999,20200311,18.0,23,12.7,23,998.0,23,996.8,23,8.1,5,18.9,23,33.4,44.9,25.2,8.6,0.00G,999.9,0
10010,99999,20200312,8.9,24,1.5,24,1007.2,24,1006.0,24,2.0,6,18.6,24,22.1,36.3,11.7,6.6,0.03G,999.9,1000
10010,99999,20200313,12.0,23,2.1,23,1015.8,23,1014.6,23,4.7,5,10.6,23,18.6,37.9,13.8,8.6,0.03G,999.9,1000
10010,99999,20200314,15.0,24,6.3,24,1006.4,24,1005.2,24,12.0,6,11.1,24,15.5,24.9,16.3,10.4,0.01G,999.9,0
10010,99999,20200315,17.1,24,11.2,24,995.8,23,994.6,23,9.9,6,11.8,23,37.1,54.6,25.3*,13.1,0.20G,999.9,1000
10010,99999,20200316,14.8,24,11.6,24,998.4,24,997.2,24,5.3,6,16.3,24,32.6,51.5,26.2,11.8,0.17G,999.9,1000
10010,99999,20200317,20.2,23,14.1,23,994.2,23,993.0,23,7.1,5,24.7,23,37.1,52.1,22.8,15.1,0.04G,999.9,0
10010,99999,20200318,19.2,23,10.8,23,1012.9,23,1011.7,23,9.4,5,16.8,23,25.8,35.4,22.1,17.2,0.01G,999.9,1000
10010,99999,20200319,17.6,24,9.3,24,1025.4,24,1024.2,24,6.5,6,9.7,24,15.9,23.9,19.2,14.5,0.00G,999.9,11000
10010,99999,20200320,22.1,24,16.0,24,1023.8,24,1022.6,24,10.5,6,5.9,24,16.1,22.0,33.1*,10.2,0.02G,999.9,1000
10010,99999,20200321,34.2,24,31.9,24,1004.6,24,1003.4,24,4.2,6,13.7,24,23.9,31.3,35.6,30.0,0.01G,999.9,0
10010,99999,20200322,29.7,24,23.8,24,994.9,24,993.7,24,7.0,6,12.8,24,21.8,37.1,31.5*,26.4,0.01G,999.9,1000
10010,99999,20200323,33.9,24,32.3,24,976.0,24,974.9,24,2.0,6,16.4,24,23.3,28.4,36.1,27.7,0.22G,999.9,11000
10010,99999,20200324,27.6,24,23.9,24,979.6,24,978.4,24,2.6,6,16.6,24,32.1,43.1,32.4*,22.3*,0.18G,999.9,11000
10010,99999,20200325,21.2,24,14.5,24,1001.8,24,1000.6,24,10.9,6,5.3,24,13.6,999.9,23.5*,19.2,0.15G,999.9,1000
10010,99999,20200326,26.4,24,22.1,24,1000.9,24,999.7,24,10.7,6,7.5,24,22.7,28.4,28.4*,21.9,0.02G,999.9,101000
10010,99999,20200327,17.4,24,9.5,24,1019.1,24,1017.9,24,2.4,6,18.9,24,24.3,39.2,27.1,14.0*,0.11G,999.9,0
10010,99999,20200328,21.5,24,10.1,24,1030.7,24,1029.5,24,10.1,6,8.8,24,17.3,33.8,27.5*,15.1,0.02G,999.9,0
10010,99999,20200329,26.7,24,17.7,24,1028.3,24,1027.1,24,36.2,6,8.1,24,16.9,20.8,30.4,23.4,0.00G,999.9,0
10010,99999,20200330,30.1,24,26.9,24,1007.0,24,1005.8,24,5.3,6,21.2,24,37.5,47.0,34.0,22.5,0.00G,999.9,111000
10010,99999,20200331,21.6,24,16.7,24,1011.8,24,1010.6,24,7.0,6,22.4,24,28.4,49.3,27.7,18.7,0.01G,999.9,10000
10010,99999,20200401,28.8,24,24.9,24,1002.6,24,1001.4,24,4.8,6,18.2,24,26.4,40.2,32.2,23.0*,0.04G,999.9,1000
10010,99999,20200402,20.4,24,14.4,24,1006.4,24,1005.2,24,3.3,6,20.9,24,27.8,38.7,29.8,18.5*,0.07G,999.9,1000
10010,99999,20200403,13.6,24,8.0,24,1011.4,24,1010.2,24,1.2,6,26.6,24,34.4,47.6,21.7,10.0,0.03G,999.9,100000
10010,99999,20200404,10.3,24,3.6,24,1017.2,24,1016.0,24,1.5,6,17.4,24,25.1,45.1,13.1*,8.2,0.06G,999.9,1000
10010,99999,20200405,23.3,24,19.3,24,1018.6,24,1017.4,24,3.6,6,18.0,24,25.6,34.6,31.6*,12.9,0.09G,999.9,1000
10010,99999,20200406,34.0,23,31.6,23,995.2,23,994.0,23,4.6,6,26.1,23,33.2,49.3,38.5,28.6,0.10G,999.9,10000
10010,99999,20200407,32.5,24,30.0,24,991.0,24,989.8,24,2.7,6,16.2,24,35.7,47.8,38.1,27.1*,0.21G,999.9,111000
10010,99999,20200408,24.6,23,17.9,23,1008.8,23,1007.6,23,5.1,6,21.9,23,33.6,48.6,26.6*,22.3*,0.06G,999.9,1000
10010,99999,20200409,23.8,24,14.0,24,1021.1,24,1019.9,24,15.1,6,5.7,24,9.9,20.8,25.9,21.4,0.01G,999.9,1000
10010,99999,20200410,28.8,24,20.0,24,1019.7,24,1018.5,24,39.9,6,13.8,24,25.1,31.3,31.6*,24.6,0.00G,999.9,0
10010,99999,20200411,26.4,24,18.1,24,1018.5,24,1017.3,24,15.6,6,17.3,24,29.1,40.4,30.9,20.8,99.99,999.9,1000
10010,99999,20200412,21.9,24,11.6,24,1025.8,24,1024.6,24,27.4,6,11.6,24,24.5,35.4,25.9*,19.4,99.99,999.9,1000
10010,99999,20200413,32.5,24,28.2,24,1004.9,24,1003.7,24,16.2,6,23.0,24,35.0,47.0,37.8*,23.4,0.69E,999.9,11000
10010,99999,20200414,28.6,24,23.5,24,984.9,24,983.8,24,7.6,6,19.6,24,39.0,52.3,36.0,21.0,0.14F,999.9,1000
10010,99999,20200415,25.2,24,19.1,24,992.8,24,991.6,24,3.5,6,16.8,24,24.5,48.0,27.1*,21.9,0.08F,999.9,1000
10010,99999,20200416,31.0,24,23.5,24,1007.8,24,1006.6,24,35.7,6,10.7,24,18.1,44.5,35.8,25.7,0.00I,999.9,0
10010,99999,20200417,37.9,24,34.3,24,1009.8,24,1008.6,24,11.9,6,20.7,24,29.9,40.0,41.9*,31.5,0.00G,999.9,10000
10010,99999,20200418,37.2,24,34.4,24,1013.7,24,1012.5,24,7.3,6,13.2,24,30.9,45.3,47.1,34.0,0.00G,999.9,110000
10010,99999,20200419,38.5,24,23.1,24,1015.6,24,1014.4,24,28.6,6,17.6,24,30.9,43.3,42.1,33.6,0.00G,999.9,100000
10010,99999,20200420,35.8,24,30.7,24,1026.9,24,1025.7,24,13.7,6,4.8,24,10.5,31.5,42.3,34.2*,99.99,999.9,110000
10010,99999,20200421,36.1,24,30.8,24,1033.5,24,1032.3,24,14.6,6,4.2,24,7.4,16.5,37.6*,34.2,0.00I,999.9,100000
10010,99999,20200422,34.0,24,33.1,24,1025.7,24,1024.5,24,0.6,6,6.1,24,14.6,22.9,35.8*,32.5,0.02G,999.9,110000
10010,99999,20200423,33.0,24,30.5,24,1021.3,24,1020.1,24,3.8,6,8.9,24,26.6,34.6,36.1,29.3*,0.00G,999.9,110000
10010,99999,20200424,29.8,23,28.1,23,1019.9,23,1018.7,23,5.1,6,6.7,23,20.8,25.6,32.0,27.5,0.00G,999.9,111000
10010,99999,20200425,28.4,24,24.8,24,1024.7,24,1023.5,24,13.4,6,15.2,24,19.0,28.9,30.2,26.2*,0.00G,999.9,1000
10010,99999,20200426,27.6,24,23.9,24,1025.3,24,1024.1,24,24.9,6,4.6,24,9.3,15.5,30.0,24.4,0.00G,999.9,0
10010,99999,20200427,32.4,24,28.0,24,1019.1,24,1017.9,24,10.0,6,6.9,24,16.5,27.4,36.5*,28.4,99.99,999.9,111000
10010,99999,20200428,30.6,24,27.5,24,1011.0,24,1009.8,24,23.3,6,5.1,24,8.4,25.8,33.6,28.6,0.00I,999.9,0
10010,99999,20200429,35.6,24,32.3,24,1009.8,24,1008.6,24,13.6,6,6.6,24,11.1,17.7,38.1,28.6,0.01G,999.9,11000
10010,99999,20200430,31.2,24,27.5,24,1014.1,24,1012.9,24,10.9,6,16.8,24,26.6,31.9,37.2,28.2,0.00G,999.9,1000
10010,99999,20200501,28.1,24,24.5,24,1014.8,24,1013.6,24,22.8,6,13.1,24,19.6,26.2,29.3,26.6,0.00G,999.9,11000
10010,99999,20200502,27.7,24,20.8,24,1016.4,24,1015.2,24,43.5,6,11.0,24,17.1,23.7,29.3,26.2,0.00G,999.9,0
10010,99999,20200503,28.2,24,19.9,24,1016.7,24,1015.5,24,46.6,6,5.5,24,12.4,15.9,31.3*,26.4,0.00I,999.9,0
10010,99999,20200504,34.0,24,31.6,24,1000.8,24,999.6,24,7.9,6,18.8,24,28.2,37.5,35.8,28.2,0.05G,999.9,10000
10010,99999,20200505,28.0,24,23.9,24,995.6,24,994.4,24,3.2,6,16.0,24,23.5,49.0,35.8,24.8,0.41G,999.9,11000
10010,99999,20200506,28.5,24,22.6,24,1016.3,24,1015.1,24,28.0,6,14.9,24,32.8,42.9,30.0,27.0,0.11G,999.9,1000
10010,99999,20200507,29.0,24,22.4,24,1017.3,24,1016.1,24,32.5,6,9.9,24,16.5,23.1,33.4,24.4,0.01G,999.9,1000
10010,99999,20200508,21.1,24,12.7,24,1019.7,24,1018.5,24,13.5,6,17.8,24,22.0,36.3,26.1,18.5,0.00G,999.9,11100
10010,99999,20200509,21.3,24,14.9,24,1021.3,24,1020.1,24,2.4,6,22.6,24,26.4,46.6,22.5,18.5,0.06G,999.9,1000
10010,99999,20200510,22.2,24,16.1,24,1022.8,24,1021.6,24,10.7,6,16.3,24,28.7,36.5,23.0,20.5,0.05G,999.9,1000
10010,99999,20200511,20.1,24,13.1,24,1024.7,24,1023.5,24,9.0,6,21.5,24,27.6,40.6,23.0,17.6,0.01G,999.9,1000
10010,99999,20200512,25.0,24,16.2,24,1018.6,24,1017.4,24,31.0,6,14.5,24,20.4,38.5,28.8,20.1,0.02G,999.9,1000
10010,99999,20200513,24.8,24,17.4,24,1009.2,24,1008.0,24,14.0,6,16.2,24,22.3,41.2,27.9,23.2,0.00G,999.9,1000
10010,99999,20200514,29.3,24,26.1,24,1004.0,24,1002.8,24,2.4,6,13.3,24,22.3,40.6,31.3,26.6*,0.06G,999.9,1000
10010,99999,20200515,30.2,24,28.2,24,1008.9,24,1007.7,24,1.7,6,26.9,24,36.7,51.9,32.0*,28.9*,0.06G,999.9,1000
10010,99999,20200516,33.7,24,31.2,24,1012.2,24,1011.0,24,5.4,6,24.3,24,31.7,47.8,35.6,29.5,0.21G,999.9,100000
10010,99999,20200517,36.8,24,24.7,24,1023.3,24,1022.1,24,12.4,6,18.9,24,26.8,37.1,39.9,33.3,0.00G,999.9,100000
10010,99999,20200518,29.9,24,26.5,24,1018.9,24,1017.7,24,12.2,6,9.9,24,28.9,33.0,36.9,26.8,0.00G,999.9,101000
10010,99999,20200519,29.6,24,26.3,24,1018.1,24,1016.8,24,22.8,6,16.8,24,22.7,34.4,30.7,26.6,0.01G,999.9,1000
10010,99999,20200520,31.6,24,28.9,24,1020.6,24,1019.4,24,23.3,6,7.1,24,11.7,18.3,34.2,29.3,0.00G,999.9,100000
10010,99999,20200521,35.4,24,33.2,24,1014.4,24,1013.2,24,11.6,6,11.1,24,18.6,24.5,37.4*,32.5,0.00G,999.9,10000
10010,99999,20200522,33.9,24,32.0,24,1007.5,24,1006.3,24,4.5,6,4.3,24,7.6,15.9,38.1,30.7,0.14G,999.9,100000
10010,99999,20200523,30.7,24,27.4,24,1001.6,24,1000.4,24,12.7,6,19.0,24,29.5,39.8,35.8,28.9,0.00G,999.9,101000
10010,99999,20200524,32.4,24,29.5,24,1004.1,24,1002.9,24,15.9,6,16.6,24,26.6,37.9,34.5,30.6,0.01G,999.9,1000
10010,99999,20200525,34.9,24,33.6,24,1003.3,24,1002.1,24,5.2,6,8.1,24,18.6,24.7,37.8,31.3,0.00G,999.9,110000
10010,99999,20200526,36.3,24,34.9,24,998.0,24,996.8,24,4.6,6,6.3,24,14.2,18.1,39.9,34.7*,0.08G,999.9,110000
10010,99999,20200527,33.7,24,31.5,24,1006.8,24,1005.6,24,7.1,6,11.8,24,32.6,38.5,37.4*,30.4,0.10G,999.9,11000
10010,99999,20200528,36.5,24,34.1,24,1011.4,24,1010.1,24,3.2,6,12.4,24,22.5,28.7,42.6,30.7,0.05G,999.9,110000
10010,99999,20200529,34.5,24,31.8,24,1019.1,24,1017.9,24,14.5,6,7.2,24,16.5,22.1,39.6*,29.7,0.00G,999.9,110000
10010,99999,20200530,36.5,24,36.2,24,1017.7,24,1016.5,24,0.1,6,10.1,24,14.8,19.4,38.3*,34.2*,0.08G,999.9,110000
10010,99999,20200531,36.2,24,35.8,24,1019.1,24,1017.9,24,0.2,6,5.1,24,7.2,10.9,38.3,34.0*,0.01G,999.9,100000
10010,99999,20200601,39.1,24,36.1,24,1013.9,24,1012.7,24,17.0,6,10.3,24,23.1,28.9,44.8,33.1*,0.07G,999.9,110000
10010,99999,20200602,33.1,24,29.7,24,1018.7,24,1017.5,24,6.4,6,17.1,24,29.3,36.7,37.4,30.7,0.03G,999.9,101000
10010,99999,20200603,32.4,24,30.4,24,1021.5,24,1020.3,24,19.7,6,5.1,24,11.7,14.0,36.5,28.9*,0.01G,999.9,100000
10010,99999,20200604,33.0,22,28.8,22,1020.8,22,1019.7,22,16.9,5,13.3,22,21.4,31.1,35.8,28.6,0.00G,999.9,101000
10010,99999,20200605,34.9,24,31.7,24,1019.3,24,1018.1,24,13.7,6,17.2,24,28.6,41.2,40.1,31.8,99.99,999.9,10000
10010,99999,20200606,32.5,24,30.7,24,1013.9,24,1012.7,24,4.9,6,22.6,24,26.4,36.5,36.9,29.8,0.00G,999.9,111000
10010,99999,20200607,29.2,24,25.7,24,1011.8,24,1010.6,24,7.4,6,19.7,24,25.1,32.8,32.9,27.3,0.06G,999.9,1000
10010,99999,20200608,32.2,24,28.2,24,1016.0,24,1014.8,24,28.5,6,7.2,24,17.3,23.7,36.0*,28.0,0.01G,999.9,0
10010,99999,20200609,38.6,24,37.8,24,1016.9,24,1015.7,24,1.4,6,5.9,24,11.1,15.9,39.7,36.0,0.24G,999.9,10000
10010,99999,20200610,38.2,24,37.1,24,1028.4,24,1027.2,24,1.6,6,4.0,24,6.4,10.1,40.1,36.9*,0.20G,999.9,100000
10010,99999,20200611,38.0,24,37.0,24,1025.7,24,1024.5,24,0.3,6,11.5,24,21.2,24.5,39.2,36.7,0.01G,999.9,110000
10010,99999,20200612,39.8,24,37.0,24,1019.6,24,1018.4,24,9.9,6,11.6,24,22.9,28.0,44.8,36.1,0.00G,999.9,0
10010,99999,20200613,38.1,24,35.7,24,1012.3,24,1011.1,24,7.5,6,15.2,24,30.9,38.5,41.4,36.1,0.04G,999.9,110000
10010,99999,20200614,37.2,24,33.3,24,1016.1,24,1014.9,24,13.7,6,11.6,24,31.5,46.6,41.7,32.5,0.00G,999.9,10000
10010,99999,20200615,39.5,24,37.7,24,1019.1,24,1017.9,24,22.8,6,6.5,24,14.4,18.1,41.7,38.1,0.00G,999.9,100000
10010,99999,20200616,38.4,24,37.9,24,1014.4,24,1013.2,24,1.0,6,7.8,24,16.1,19.0,40.1*,36.9*,0.39G,999.9,110000
10010,99999,20200617,37.5,24,33.9,24,1018.2,24,1017.0,24,24.0,6,14.7,24,26.8,37.1,40.6,34.7,0.16G,999.9,100000
10010,99999,20200618,35.2,24,34.0,24,1023.1,24,1021.9,24,1.2,6,4.7,24,9.1,30.7,39.4,32.4*,0.00G,999.9,100000
10010,99999,20200619,38.8,24,37.0,24,1024.2,24,1023.0,24,12.5,6,7.4,24,10.9,14.0,43.0,32.2*,0.00I,999.9,100000
10010,99999,20200620,42.9,24,40.4,24,1020.0,24,1018.8,24,18.1,6,4.9,24,9.7,13.6,45.9,38.8,0.00I,999.9,100000
10010,99999,20200621,44.4,24,42.0,24,1017.2,24,1016.0,24,13.1,6,4.1,24,7.6,16.1,48.7,40.8,99.99,999.9,110000
10010,99999,20200622,43.7,24,42.3,24,1010.5,24,1009.3,24,5.3,6,3.7,24,7.4,21.4,51.3*,40.3,0.05G,999.9,110000
10010,99999,20200623,41.5,24,40.7,24,1008.6,24,1007.4,24,2.4,6,8.5,24,14.6,18.6,43.7,39.4,0.10G,999.9,110000
10010,99999,20200624,40.7,24,40.3,24,1013.6,24,1012.4,24,1.3,6,8.7,24,14.8,17.7,42.4,38.5*,0.06G,999.9,110000
10010,99999,20200625,44.4,24,42.0,24,1012.1,24,1011.0,24,11.6,6,5.5,24,16.1,23.3,52.2,40.5*,0.13G,999.9,110000
10010,99999,20200626,41.1,24,39.4,24,1021.0,24,1019.8,24,13.0,6,5.5,24,10.5,14.4,43.7,37.4*,0.00G,999.9,100000
10010,99999,20200627,42.4,24,41.4,24,1022.4,24,1021.2,24,11.0,6,8.9,24,11.1,14.2,43.2,41.7,0.00G,999.9,10000
10010,99999,20200628,42.6,24,40.1,24,1022.8,24,1021.6,24,8.6,6,9.3,24,15.7,21.6,45.7,40.8,0.09G,999.9,110000
10010,99999,20200629,38.8,24,35.3,24,1024.0,24,1022.8,24,12.3,6,11.6,24,20.2,25.8,44.6,33.3*,0.00G,999.9,0
10010,99999,20200630,33.8,24,31.2,24,1017.0,24,1015.8,24,11.9,6,23.4,24,26.0,34.2,39.4,31.8,0.00G,999.9,0
10010,99999,20200701,35.2,24,32.3,24,1009.5,24,1008.3,24,13.8,6,22.9,24,26.6,35.2,40.3,32.5,0.00G,999.9,100000
10010,99999,20200702,41.1,24,31.4,24,1007.2,24,1006.0,24,26.9,6,10.8,24,24.7,30.3,46.9,34.2,0.00G,999.9,10000
10010,99999,20200703,36.4,24,32.4,24,1006.5,24,1005.3,24,15.7,6,5.3,24,9.5,13.2,45.5,33.6,0.00G,999.9,110000
10010,99999,20200704,35.6,24,33.0,24,1002.1,24,1000.9,24,8.1,6,13.6,24,24.1,28.0,38.3,33.4,0.00G,999.9,10000
10010,99999,20200705,38.7,24,36.7,24,1001.8,24,1000.6,24,9.5,6,19.4,24,24.7,36.9,41.0*,35.1,0.16G,999.9,10000
10010,99999,20200706,36.0,24,33.9,24,1004.8,24,1003.6,24,7.1,6,24.0,24,27.2,39.6,41.2,34.2,0.17G,999.9,10000
10010,99999,20200707,36.3,24,35.0,24,1003.9,24,1002.7,24,3.4,6,23.1,24,34.2,43.1,38.3,34.9,0.21G,0.4,10000
10010,99999,20200708,35.8,24,33.9,24,995.1,24,993.9,24,2.3,6,19.0,24,30.3,41.4,39.2*,34.3,0.36G,999.9,11000
10010,99999,20200709,40.6,24,39.5,24,998.5,24,997.4,24,8.6,6,20.1,24,28.9,41.4,42.8,35.4,0.11G,999.9,110000
10010,99999,20200710,40.1,24,38.7,24,1005.6,24,1004.4,24,3.4,6,23.7,24,27.4,38.1,42.8,38.5*,0.01G,999.9,100000
10010,99999,20200711,38.9,24,36.9,24,1008.6,24,1007.4,24,3.2,6,23.6,24,31.3,37.7,41.0,37.8,0.02G,999.9,110000
10010,99999,20200712,42.3,24,38.2,24,1014.1,24,1012.9,24,37.3,6,5.8,24,13.4,17.9,43.7*,37.4,0.00G,999.9,0
10010,99999,20200713,42.4,24,40.3,24,1018.5,24,1017.3,24,22.8,6,7.3,24,11.7,13.4,44.2,39.9,0.00G,999.9,0
10010,99999,20200714,43.3,24,41.4,24,1018.7,24,1017.5,24,18.4,6,5.5,24,12.2,15.0,44.2,42.3,0.00G,999.9,10000
10010,99999,20200715,44.3,24,43.0,24,1014.5,24,1013.3,24,6.1,6,2.7,24,4.9,12.0,45.9*,42.6,0.00G,999.9,100000
10010,99999,20200716,44.0,24,41.6,24,1007.5,24,1006.3,24,8.9,6,11.0,24,23.7,32.2,45.9,42.3,0.00G,999.9,100000
10010,99999,20200717,45.8,24,44.2,24,996.9,24,995.8,24,3.1,6,11.0,24,31.7,39.4,47.1,43.3,0.35G,999.9,110000
10010,99999,20200718,44.5,24,41.5,24,1000.2,24,999.1,24,6.0,6,8.0,24,19.4,24.5,49.5,41.0*,0.00G,999.9,100000
10010,99999,20200719,45.6,24,42.5,24,1003.9,24,1002.8,24,16.6,6,11.7,24,20.6,32.8,51.8,40.3,0.00G,999.9,100000
10010,99999,20200720,40.7,24,39.2,24,1008.4,24,1007.2,24,1.0,6,23.2,24,29.1,37.3,46.9,38.7*,0.01G,999.9,110000
10010,99999,20200721,39.6,24,37.4,24,1011.5,24,1010.3,24,7.1,6,22.8,24,28.0,35.5,42.6,36.7*,0.12G,999.9,110000
10010,99999,20200722,38.6,24,35.6,24,1014.5,24,1013.3,24,9.5,6,11.3,24,21.4,26.2,42.1,36.3,0.04G,999.9,10000
10010,99999,20200723,40.9,24,37.1,24,1016.1,24,1014.9,24,9.7,6,5.3,24,12.0,18.3,44.6,37.6,0.00G,999.9,100000
10010,99999,20200724,43.0,24,40.3,24,1015.7,24,1014.5,24,22.8,6,9.1,24,17.3,23.5,48.9,38.5,0.01G,999.9,10000
10010,99999,20200725,39.1,24,37.4,24,1011.8,24,1010.6,24,6.2,6,20.1,24,27.0,40.2,42.8,37.4,0.00G,999.9,110000
10010,99999,20200726,42.1,24,39.6,24,1005.3,24,1004.1,24,15.4,6,18.4,24,40.8,54.2,49.3,36.9,0.03G,999.9,110000
10010,99999,20200727,45.0,23,43.0,23,1005.6,23,1004.4,23,8.6,6,5.5,23,29.7,35.9,49.6,43.2*,0.00G,999.9,110000
10010,99999,20200728,43.5,24,41.6,24,1003.4,24,1002.2,24,3.3,6,17.0,24,35.4,46.4,46.4,41.5,0.41G,999.9,110000
10010,99999,20200729,42.3,24,41.0,24,1010.6,24,1009.4,24,2.8,6,3.7,24,6.2,30.1,45.0,41.4*,0.04G,999.9,100000
10010,99999,20200730,42.9,24,40.2,24,1015.1,24,1013.9,24,18.7,6,9.3,24,20.4,29.5,46.2,41.2*,0.00G,999.9,100000
10010,99999,20200731,41.0,24,38.7,24,1017.7,24,1016.5,24,15.8,6,8.9,24,17.9,28.0,43.0,39.2,0.00G,999.9,10000
10010,99999,20200801,45.4,24,44.5,24,1007.7,24,1006.5,24,2.2,6,13.4,24,19.2,27.6,47.3,40.8,0.06G,0.4,110000
10010,99999,20200802,43.7,24,43.0,24,1007.4,24,1006.2,24,0.3,6,3.9,24,9.1,17.1,44.8,42.3*,0.45G,999.9,100000
10010,99999,20200803,46.7,24,45.6,24,1006.0,24,1004.9,24,2.2,6,3.4,24,16.1,26.0,49.8,42.4,0.11G,999.9,110000
10010,99999,20200804,45.7,24,44.7,24,1001.6,24,1000.5,24,5.1,6,3.6,24,9.5,12.0,47.5*,44.1,0.01G,999.9,10000
10010,99999,20200805,45.7,24,45.0,24,1003.6,24,1002.4,24,1.2,6,4.0,24,11.1,14.8,46.8,42.8*,0.09G,999.9,110000
10010,99999,20200806,46.6,24,45.1,24,1007.0,24,1005.9,24,16.6,6,6.5,24,12.4,16.3,48.6,42.3,0.00G,999.9,10000
10010,99999,20200807,45.3,24,44.8,24,1008.1,24,1006.9,24,0.9,7,10.9,24,21.4,26.0,47.8,43.7*,0.04G,0.4,110000
10010,99999,20200808,44.1,24,43.5,24,1005.4,24,1004.3,24,2.0,6,11.2,24,16.9,19.8,45.5*,41.0,0.46G,999.9,100000
10010,99999,20200809,42.5,24,40.4,24,1012.6,24,1011.4,24,10.9,6,7.7,24,19.4,24.5,46.2,39.9,0.01G,999.9,10000
10010,99999,20200810,44.1,24,43.8,24,1016.0,24,1014.8,24,0.6,7,10.1,24,17.5,18.5,45.5*,43.0*,0.03G,999.9,110000
10010,99999,20200811,43.9,24,43.7,24,1019.0,24,1017.8,24,0.2,6,9.4,24,15.7,17.9,45.9*,42.3*,0.01G,999.9,110000
10010,99999,20200812,43.4,22,43.2,22,1015.1,22,1013.9,22,0.3,6,8.2,22,15.2,18.8,45.3,41.0*,0.07G,999.9,110000
10010,99999,20200813,43.3,24,42.5,24,1003.3,24,1002.2,24,6.0,7,9.7,24,15.2,20.0,45.1,38.8,0.04G,999.9,10000
10010,99999,20200814,41.7,24,37.5,24,988.9,22,987.8,22,7.4,6,21.8,24,32.2,49.0,44.8,38.7,0.73G,999.9,10000
10010,99999,20200815,39.4,24,36.3,24,1003.9,24,1002.7,24,9.0,6,19.7,24,28.7,49.1,42.8,37.6,0.02G,999.9,10000
10010,99999,20200816,40.8,24,37.4,24,1020.5,24,1019.3,24,21.1,6,9.5,24,23.3,32.2,45.0,37.8*,0.01G,999.9,110000
10010,99999,20200817,44.0,24,39.3,24,1012.7,24,1011.5,24,17.2,7,8.6,24,32.1,39.0,50.9*,37.8*,0.00G,999.9,100000
10010,99999,20200818,38.9,24,36.7,24,1011.4,24,1010.2,24,7.9,6,18.5,24,34.0,42.9,50.7,36.9*,0.02G,999.9,110000
10010,99999,20200819,38.8,24,36.8,24,1011.2,24,1010.0,24,7.0,6,15.6,24,23.5,36.3,40.5,37.6,0.04G,999.9,10000
10010,99999,20200820,40.5,24,37.5,24,1011.1,24,1009.9,24,13.3,6,8.5,24,22.0,28.9,46.0,37.0,0.01G,999.9,100000
10010,99999,20200821,38.8,24,36.0,24,1009.9,24,1008.7,24,23.5,7,9.2,24,15.0,21.6,41.0*,37.8,0.00G,999.9,0
10010,99999,20200822,39.5,24,36.9,24,1004.7,24,1003.5,24,17.5,6,17.7,24,27.4,37.5,41.2,37.9,0.00G,999.9,110000
10010,99999,20200823,39.7,24,36.8,24,1006.4,24,1005.2,24,10.3,6,21.3,24,26.0,34.6,41.0*,38.7,0.03G,999.9,10000
10010,99999,20200824,40.1,24,37.0,24,1008.2,24,1007.0,24,25.4,6,18.8,24,24.9,34.8,43.9,36.9*,0.01G,999.9,0
10010,99999,20200825,36.6,24,34.0,24,1009.8,24,1008.6,24,17.2,7,4.5,24,11.5,23.5,39.6,35.2*,0.00G,999.9,0
10010,99999,20200826,39.5,24,35.2,24,1009.3,24,1008.1,24,15.2,6,8.0,24,17.3,26.6,44.6,34.9,0.00G,999.9,0
10010,99999,20200827,41.5,24,33.4,24,1010.2,24,1009.0,24,21.7,6,5.8,24,17.9,23.7,44.2,37.8,0.00G,999.9,100000
10010,99999,20200828,40.9,24,34.7,24,1010.9,24,1009.7,24,28.5,6,7.3,24,20.6,26.0,44.6*,36.1,0.00G,999.9,100000
10010,99999,20200829,38.3,24,31.9,24,1014.1,24,1012.9,24,28.0,7,13.5,24,18.3,32.6,44.6,37.0,0.00G,999.9,0
10010,99999,20200830,41.5,24,36.1,24,1006.5,24,1005.3,24,21.3,6,13.2,24,23.7,30.5,44.8,38.7,0.00G,999.9,10000
10010,99999,20200831,38.0,24,35.3,24,1008.9,24,1007.7,24,18.3,6,9.1,24,18.6,24.9,43.3,35.2,0.02G,999.9,10000
10010,99999,20200901,43.3,24,42.8,24,998.0,24,996.9,24,0.5,6,8.1,24,15.9,24.5,44.4,37.6,0.55G,0.8,10000
10010,99999,20200902,42.5,24,42.2,24,994.3,24,993.2,24,0.2,7,5.9,24,11.7,16.7,44.6,39.7,0.83G,999.9,110000
10010,99999,20200903,41.3,24,39.7,24,991.2,24,990.1,24,6.3,6,27.4,24,32.1,44.3,46.0,38.1,0.00G,999.9,110000
10010,99999,20200904,39.2,24,37.6,24,999.9,24,998.7,24,3.6,6,26.4,24,34.0,45.8,42.3,37.8,0.11G,999.9,10000
10010,99999,20200905,37.3,24,34.6,24,1005.2,24,1004.0,24,8.8,6,20.9,24,30.9,38.5,38.7,36.3,0.12G,999.9,10000
10010,99999,20200906,38.2,24,35.8,24,1005.7,24,1004.5,24,15.2,7,6.2,24,12.0,14.4,42.1,34.7,0.00G,999.9,10000
10010,99999,20200907,42.5,24,40.4,24,983.0,24,981.9,24,8.3,6,18.4,24,28.7,44.7,46.6,40.3,0.12G,0.4,10000
10010,99999,20200908,39.5,24,37.5,24,984.3,24,983.2,24,4.4,6,17.0,24,33.4,49.9,44.8,34.7,0.21G,999.9,110000
10010,99999,20200909,36.9,24,34.6,24,994.5,24,993.4,24,2.2,6,26.6,24,33.2,48.8,38.8,34.7,0.73G,1.6,10000
10010,99999,20200910,34.3,24,30.8,24,1001.8,24,1000.6,24,9.4,7,15.0,24,28.7,42.2,36.5,32.7,1.41G,999.9,11000
10010,99999,20200911,38.8,24,36.2,24,995.4,24,994.3,24,26.4,6,14.0,24,25.8,40.2,42.6,34.5,0.01G,999.9,11000
10010,99999,20200912,39.4,24,38.1,24,991.0,24,989.9,24,2.4,6,27.2,24,33.8,50.1,41.2,38.5,0.02G,999.9,10000
10010,99999,20200913,36.5,24,32.9,24,1002.4,24,1001.2,24,12.1,6,25.0,24,28.9,45.3,39.9,33.1,0.34G,999.9,10000
10010,99999,20200914,34.4,23,29.9,23,1016.7,23,1015.5,23,16.0,7,14.2,23,21.8,33.6,36.3,33.1,0.00G,999.9,11000
10010,99999,20200915,36.0,23,32.4,23,1020.9,23,1019.7,23,21.0,6,7.3,23,13.0,17.3,40.8,31.1,0.00G,999.9,11000
10010,99999,20200916,39.1,24,37.2,24,1018.0,24,1016.8,24,10.8,6,12.5,24,19.6,25.8,42.3,35.4,0.21G,999.9,10000
10010,99999,20200917,41.5,24,39.7,24,1000.2,24,999.1,24,5.3,6,13.5,24,21.4,32.4,44.2,37.4,0.19G,999.9,10000
10010,99999,20200918,34.1,24,30.1,24,1008.4,24,1007.2,24,17.4,7,9.0,24,18.3,39.6,43.9,29.8,0.04G,999.9,10000
10010,99999,20200919,39.2,24,36.9,24,1002.7,24,1001.6,24,9.5,7,8.3,24,19.2,27.6,43.7,29.8,0.09G,0.4,10000
10010,99999,20200920,34.9,24,31.1,24,989.5,24,988.4,24,6.7,6,9.9,24,30.7,40.2,42.8,31.5,0.27G,999.9,11000
10010,99999,20200921,33.4,24,30.3,24,985.9,24,984.7,24,6.6,6,21.2,24,35.4,47.0,36.5,31.1,0.01G,999.9,11000
10010,99999,20200922,33.7,23,30.2,23,995.1,23,993.9,23,6.8,4,14.7,23,27.6,40.0,34.9,32.2,0.09G,999.9,11000
10010,99999,20200923,35.3,24,33.5,24,995.1,24,993.9,24,999.9,0,20.7,24,33.2,45.6,37.8,32.9,0.00G,999.9,10000
10010,99999,20200924,33.6,24,25.9,24,1008.9,24,1007.7,24,29.6,6,17.7,24,26.2,40.8,34.7,32.5,0.40G,999.9,1000
10010,99999,20200925,33.1,24,24.0,24,1013.2,24,1012.0,24,34.1,6,10.3,24,18.8,28.2,35.4,31.8,0.00G,999.9,1000
10010,99999,20200926,37.1,24,32.6,24,1010.6,24,1009.4,24,12.3,7,11.4,24,17.3,31.7,40.5,31.6,0.05G,999.9,10000
10010,99999,20200927,41.0,24,40.2,24,1006.3,24,1005.1,24,3.5,6,13.6,24,21.4,29.1,41.9,39.9,0.04G,0.8,10000
10010,99999,20200928,40.7,24,39.7,24,999.2,24,998.0,24,4.5,6,10.7,24,18.3,24.7,42.1,39.6,0.98G,0.4,10000
10010,99999,20200929,37.9,24,35.0,24,996.9,24,995.7,24,7.4,6,15.6,24,27.4,41.0,42.1,35.8,1.09G,999.9,10000
10010,99999,20200930,37.7,24,34.7,24,1012.8,24,1011.6,24,15.1,7,11.6,24,18.8,24.7,41.9,35.1,0.02G,999.9,10000
10010,99999,20201001,42.1,24,39.0,24,1016.0,24,1014.8,24,14.7,6,17.2,24,26.8,39.2,44.4,37.9,0.04G,999.9,10000
10010,99999,20201002,41.9,24,41.2,24,1016.0,24,1014.8,24,1.5,6,6.0,24,15.3,22.9,44.8,39.0,0.06G,999.9,100000
10010,99999,20201003,42.6,24,41.7,24,1011.7,24,1010.5,24,3.6,6,6.0,24,13.8,18.8,47.8,39.0,0.02G,999.9,110000
10010,99999,20201004,43.7,24,41.9,24,1013.4,24,1012.2,24,3.6,6,5.9,24,12.6,21.0,49.6,39.7,0.01G,999.9,100000
10010,99999,20201005,44.4,24,42.0,24,1009.1,24,1007.9,24,12.9,6,4.7,24,10.5,18.6,46.0,42.8,0.00G,999.9,0
10010,99999,20201006,43.3,24,41.9,24,1006.8,24,1005.6,24,3.7,6,7.7,24,17.1,21.2,45.7,41.5,0.00G,999.9,110000
10010,99999,20201007,40.9,24,38.8,24,1004.9,24,1003.7,24,5.9,6,7.8,24,23.3,29.5,45.7,37.4,0.03G,999.9,0
10010,99999,20201008,40.6,23,38.3,23,998.7,23,997.5,23,5.0,5,26.8,23,33.4,44.9,48.2,37.8*,0.00G,999.9,100000
10010,99999,20201009,37.3,24,35.8,24,1007.6,24,1006.4,24,2.0,6,28.8,24,32.6,46.0,39.0,35.4,0.02G,999.9,10000
10010,99999,20201010,32.0,24,27.3,24,1023.4,24,1022.2,24,15.5,6,17.6,24,24.5,38.1,36.5,30.0,0.03G,999.9,11000
10010,99999,20201011,30.0,24,24.1,24,1025.8,24,1024.6,24,17.5,6,6.3,24,12.0,18.1,31.6,28.6,0.01G,999.9,1000
10010,99999,20201012,35.1,24,31.2,24,1020.9,24,1019.7,24,20.2,6,9.9,24,17.1,21.6,39.4,30.4,0.00G,999.9,10000
10010,99999,20201013,35.9,24,32.2,24,1018.6,24,1017.4,24,12.8,6,8.4,24,18.1,28.9,39.4,34.0,0.08G,999.9,10000
10010,99999,20201014,34.2,24,32.2,24,1026.5,24,1025.3,24,13.1,6,2.1,22,6.0,23.9,36.7,31.6,0.00G,999.9,0
10010,99999,20201015,40.5,23,35.5,23,1028.8,23,1027.6,23,8.8,6,9.9,23,20.0,26.2,46.8,34.2,0.02G,999.9,100000
10010,99999,20201016,33.9,23,29.3,23,1027.2,23,1026.0,23,7.1,6,21.1,23,28.0,40.6,46.9,27.5,0.00G,999.9,11000
10010,99999,20201017,28.9,24,25.5,24,1034.1,24,1032.9,24,4.7,6,13.8,24,25.1,36.7,30.2*,27.3,0.06G,999.9,10000
10010,99999,20201018,32.0,24,25.8,24,1027.9,24,1026.7,24,25.9,6,7.3,24,16.3,20.2,34.9,27.3,0.02G,999.9,0
10010,99999,20201019,32.1,24,25.8,24,1027.4,24,1026.2,24,9.7,6,9.1,24,12.4,17.9,33.4,30.6,0.00G,999.9,0
10010,99999,20201020,30.1,23,26.0,23,1019.1,23,1017.9,23,11.2,5,8.7,23,13.6,17.5,32.0,26.6,0.02E,999.9,1000
10010,99999,20201021,29.5,24,25.4,24,1012.4,24,1011.2,24,13.9,6,3.2,22,8.7,10.3,34.3,25.0,0.00E,999.9,1000
10010,99999,20201022,30.6,24,27.7,24,1008.5,24,1007.3,24,11.9,6,6.0,24,13.0,17.1,34.3,26.1,0.08G,999.9,100000
10010,99999,20201023,31.7,24,29.1,24,1007.3,24,1006.1,24,14.9,6,5.7,24,11.7,14.0,36.1,26.1,0.00G,999.9,1000
10010,99999,20201024,35.3,23,32.1,23,1007.2,23,1006.0,23,18.1,6,11.9,23,16.9,21.6,37.6,31.8,0.01G,999.9,0
10010,99999,20201025,37.3,24,29.1,24,1005.0,24,1003.8,24,17.6,6,15.8,24,21.8,37.9,38.5,33.8,0.01G,999.9,0
10010,99999,20201026,34.4,24,28.3,24,999.1,24,997.9,24,17.6,6,18.8,24,25.1,37.7,37.4,33.1,0.00G,999.9,0
10010,99999,20201027,32.3,24,27.4,24,999.7,24,998.5,24,8.6,6,16.0,24,21.6,28.4,34.2,30.7,0.01G,999.9,11000
10010,99999,20201028,28.0,17,20.9,17,1003.6,17,1002.4,17,14.7,5,15.2,17,22.5,31.7,31.6,24.6,0.02G,999.9,0
10010,99999,20201030,36.8,9,33.4,9,1000.0,9,998.8,9,999.9,0,19.1,9,23.3,30.1,37.9,34.5,0.00G,999.9,0
10010,99999,20201031,38.3,24,37.1,24,992.8,24,991.7,24,2.2,6,13.8,24,24.1,30.9,39.7,36.5,0.08G,999.9,110000
10010,99999,20201101,39.9,24,38.5,24,976.5,24,975.4,24,2.4,6,21.4,24,33.0,46.2,41.5,37.6,0.09G,0.4,10000
10010,99999,20201102,40.4,24,38.2,24,970.1,24,969.0,24,3.9,6,13.2,24,23.9,30.9,43.3,36.7,0.25G,999.9,10000
10010,99999,20201103,35.4,24,33.3,24,984.1,24,983.0,24,5.3,6,15.4,24,25.3,43.3,39.7,31.8,0.05G,999.9,111000
10010,99999,20201104,33.6,24,31.2,24,986.6,24,985.4,24,6.1,6,18.3,24,26.8,50.9,39.2,30.0,0.09G,999.9,11000
10010,99999,20201105,31.2,23,28.6,23,987.0,23,985.8,23,3.4,6,15.6,23,31.9,54.2,38.3,28.4,0.45G,999.9,11000
10010,99999,20201106,33.5,24,30.8,24,987.9,24,986.8,24,3.8,6,11.4,24,23.5,33.6,37.9,28.0,0.17G,999.9,11000
10010,99999,20201107,28.1,23,23.9,23,1006.8,23,1005.6,23,16.4,6,7.2,23,15.5,23.3,32.7,24.8,0.16G,999.9,1000
10010,99999,20201108,30.4,24,25.3,24,1005.7,24,1004.5,24,6.9,6,18.0,24,24.7,38.7,37.0,22.8,0.24G,999.9,11000
10010,99999,20201109,28.9,24,22.5,24,1021.9,24,1020.8,24,21.7,6,10.9,24,17.9,28.2,37.8,19.9,0.01G,999.9,0
10010,99999,20201110,38.1,24,37.5,24,1006.6,24,1005.4,24,0.7,6,8.7,24,18.6,24.3,41.0,35.8,0.29G,0.4,110000
10010,99999,20201111,37.2,24,35.2,24,990.9,23,989.7,23,1.6,6,17.6,24,39.6,57.1,40.8,32.4*,0.26G,999.9,110000
10010,99999,20201112,32.4,24,29.6,24,995.6,24,994.4,24,6.4,6,4.9,24,12.8,18.1,36.5,29.8,0.37G,999.9,101000
10010,99999,20201113,35.8,24,34.6,24,990.1,24,989.0,24,5.3,6,10.6,24,19.4,25.8,39.6,30.6,0.06G,999.9,110000
10010,99999,20201114,33.6,23,31.8,23,981.1,23,980.0,23,1.0,6,15.5,23,41.6,53.6,39.0,25.3,0.51G,0.4,11000
10010,99999,20201115,23.2,24,14.4,24,1002.3,24,1001.1,24,23.8,6,14.5,24,32.4,45.8,26.8,19.9,0.36G,999.9,0
10010,99999,20201116,22.7,22,13.7,22,1005.7,22,1004.4,22,19.7,6,12.9,22,26.4,43.5,27.5,19.9,0.00G,999.9,0
10010,99999,20201117,25.1,24,15.7,24,1002.4,24,1001.2,24,14.0,6,26.9,24,32.1,47.6,27.9,18.3,99.99,999.9,1000
10010,99999,20201118,19.6,17,7.3,17,1010.9,17,1009.7,17,999.9,0,20.9,17,27.6,47.8,23.2,17.8,0.00I,999.9,0
10010,99999,20201119,25.6,24,15.9,24,1013.6,24,1012.4,24,25.4,6,7.9,24,15.3,30.7,29.8,19.9,0.00I,999.9,0
10010,99999,20201120,32.8,24,28.8,24,1003.0,24,1001.8,24,8.4,6,9.0,24,19.8,27.0,35.8,24.3,0.01E,999.9,10000
10010,99999,20201121,34.0,24,30.2,24,984.9,24,983.8,24,6.1,6,25.9,24,36.1,44.5,37.2,32.4,0.01F,999.9,11000
10010,99999,20201122,29.8,24,26.4,24,998.5,24,997.3,24,5.6,6,13.4,24,22.1,34.2,33.1,25.0,99.99,999.9,1000
10010,99999,20201123,29.0,24,25.5,24,1002.6,24,1001.4,24,6.4,6,5.5,23,12.4,16.1,32.0,25.0,0.14E,999.9,1000
10010,99999,20201124,25.3,24,18.7,24,1005.5,24,1004.3,24,8.3,6,14.8,24,25.8,34.4,30.2,20.7,0.03E,999.9,1000
10010,99999,20201125,20.4,24,12.9,24,1011.1,24,1009.9,24,11.9,6,6.8,24,17.9,26.0,23.5*,17.1,0.01E,999.9,1000
10010,99999,20201126,32.3,24,28.3,24,992.1,24,991.0,24,3.8,6,21.6,24,31.3,40.6,37.0,17.1,0.15E,999.9,11000
10010,99999,20201127,35.4,24,29.6,24,985.1,24,983.9,24,7.4,6,23.7,24,32.2,48.8,37.0,33.6,0.04F,999.9,1000
10010,99999,20201128,32.7,24,26.6,24,995.2,24,994.0,24,8.0,6,20.7,24,32.2,45.8,36.1,24.6,0.01F,999.9,0
10010,99999,20201129,22.3,24,15.3,24,1004.3,24,1003.1,24,10.4,6,13.8,24,20.6,33.2,32.7,20.5,0.01F,999.9,1000
10010,99999,20201130,19.8,24,10.3,24,1012.0,24,1010.8,24,12.9,6,9.3,24,18.5,28.4,21.7,16.5,0.00E,999.9,1000
10010,99999,20201201,27.4,24,24.3,24,999.5,24,998.4,24,7.3,6,18.4,24,33.8,49.7,34.7*,14.9,0.09E,999.9,1000
10010,99999,20201202,28.5,24,27.2,24,983.0,24,981.8,24,0.7,6,28.6,24,46.8,68.4,34.9,21.0,0.42G,999.9,11000
10010,99999,20201203,20.2,24,16.1,24,1010.7,24,1009.5,24,0.6,6,37.9,23,46.4,64.9,22.8,18.1,0.96G,999.9,1000
10010,99999,20201204,19.0,23,10.3,23,1024.9,23,1023.7,23,8.8,6,18.5,23,29.9,44.9,21.6,17.2,0.08G,999.9,0
10010,99999,20201205,22.6,24,16.3,24,1018.6,24,1017.4,24,11.1,6,11.0,24,21.6,35.0,29.8*,12.9,0.01G,999.9,1000
10010,99999,20201206,30.0,24,24.6,24,1012.2,24,1011.0,24,6.0,6,14.9,24,21.4,35.2,32.0,27.7,0.08G,999.9,1000
10010,99999,20201207,26.3,24,22.6,24,1018.5,24,1017.3,24,12.7,6,3.8,24,9.9,18.8,32.0,21.4,0.07G,999.9,1000
10010,99999,20201208,30.5,24,27.1,24,1016.4,24,1015.2,24,14.4,6,7.0,24,11.5,14.6,33.3,25.0,0.04G,999.9,1000
10010,99999,20201209,29.2,24,26.6,24,1008.5,24,1007.3,24,9.8,6,2.9,23,5.8,999.9,31.8,24.6,0.07G,999.9,111000
10010,99999,20201210,33.5,22,29.5,22,1005.5,22,1004.3,22,7.2,6,12.5,22,22.3,28.9,36.3,28.8,0.01G,999.9,11000
10010,99999,20201211,36.6,24,34.6,24,1010.0,24,1008.8,24,3.2,6,3.0,24,14.8,19.4,38.5,34.9,0.21G,999.9,10000
10010,99999,20201212,33.9,24,30.7,24,1017.7,24,1016.5,24,7.8,6,5.8,24,10.5,14.6,38.5,31.8,0.00G,999.9,0
10010,99999,20201213,31.5,24,27.0,24,1020.4,24,1019.2,24,10.4,6,6.3,24,13.6,15.5,33.4,28.0,0.00G,999.9,0
10010,99999,20201214,29.5,24,25.2,24,1016.8,24,1015.6,24,10.9,6,7.9,24,16.1,21.4,32.0,25.7,0.00I,999.9,0
10010,99999,20201215,24.8,24,20.6,24,1016.4,24,1015.2,24,14.0,6,8.9,24,12.8,20.8,28.8,22.8,0.00E,999.9,1000
10010,99999,20201216,30.4,24,26.9,24,1018.1,24,1016.9,24,11.4,6,12.3,24,20.0,26.2,31.8,22.8,0.02G,999.9,1000
10010,99999,20201217,31.2,24,26.9,24,1013.2,24,1012.0,24,12.4,6,11.6,24,23.7,32.1,33.8,28.9,0.01G,999.9,0
10010,99999,20201218,30.6,24,25.9,24,1007.2,24,1006.0,24,8.0,6,19.8,24,29.7,41.2,35.6,27.9,0.00G,999.9,1000
10010,99999,20201219,35.3,24,27.9,24,999.9,24,998.7,24,9.1,6,26.6,24,34.6,56.1,38.1,30.2,0.00G,999.9,11000
10010,99999,20201220,31.8,23,26.3,23,996.6,23,995.4,23,5.4,6,29.3,23,37.1,61.0,36.5,26.2,0.01G,999.9,11000
10010,99999,20201221,28.1,24,26.4,24,996.9,24,995.7,24,0.2,6,31.6,24,38.5,54.4,29.8*,25.7,0.18G,999.9,1000
10010,99999,20201222,22.9,24,20.1,24,1005.6,24,1004.4,24,1.8,6,20.0,24,28.4,39.8,29.7,16.2,0.41G,999.9,11000
10010,99999,20201223,17.6,24,9.7,24,1014.7,24,1013.5,24,11.9,6,18.1,24,28.0,44.5,23.9,14.0,0.10G,999.9,1000
10010,99999,20201224,28.1,24,23.2,24,1013.1,24,1011.9,24,13.5,6,9.4,24,26.2,31.9,34.7,19.6,0.00G,999.9,10000
10010,99999,20201225,35.3,24,33.9,24,980.5,24,979.3,24,2.4,6,16.3,24,25.1,38.1,37.0,32.9,0.39G,999.9,10000
10010,99999,20201226,35.2,24,31.8,24,980.2,24,979.1,24,5.6,6,14.7,24,20.4,29.5,38.3*,33.4,0.52G,999.9,11100
10010,99999,20201227,33.9,24,27.5,24,1004.6,24,1003.4,24,7.9,6,25.2,24,34.2,50.1,39.6,29.1,0.02G,999.9,11000
10010,99999,20201228,30.2,24,23.3,24,1008.7,24,1007.5,24,9.3,6,29.2,24,38.9,49.9,31.3,29.5,0.00G,999.9,0
10010,99999,20201229,30.5,24,28.7,24,1001.1,24,999.9,24,2.6,6,30.0,24,36.1,49.7,31.3,29.3,0.00G,999.9,1000
10010,99999,20201230,31.1,24,29.4,24,1002.2,24,1001.0,24,2.1,6,25.8,24,30.3,40.0,32.4,29.3,0.59G,999.9,1000
10010,99999,20201231,26.8,24,24.4,24,1011.9,24,1010.8,24,1.5,6,24.9,24,32.8,42.0,30.2,24.6,0.29G,999.9,1000
10014,99999,20200101,43.2,5,42.8,5,9999.9,0,9999.9,0,5.0,5,9.2,5,12.0,999.9,44.6*,42.8*,99.99,999.9,10000
10014,99999,20200102,44.6,5,43.5,5,9999.9,0,9999.9,0,5.3,5,18.2,5,20.0,35.9,9999.9,9999.9,99.99,999.9,10000
10014,99999,20200103,38.0,6,34.7,6,9999.9,0,9999.9,0,6.0,6,15.5,6,22.9,38.1,39.2*,35.6*,99.99,999.9,10000
10014,99999,20200105,45.5,8,44.6,8,9999.9,0,9999.9,0,2.3,8,10.4,8,14.0,24.1,46.4*,44.6*,99.99,999.9,10000
10014,99999,20200106,45.2,13,45.0,13,9999.9,0,9999.9,0,3.1,13,14.4,13,19.0,35.0,46.4*,42.8*,99.99,999.9,10000
10014,99999,20200107,43.4,14,42.0,14,9999.9,0,9999.9,0,5.7,14,16.2,14,27.0,42.0,44.6*,42.8*,99.99,999.9,10000
10014,99999,20200108,41.5,15,37.5,15,9999.9,0,9999.9,0,6.2,15,15.1,15,22.9,39.0,42.8*,39.2*,99.99,999.9,11000
10014,99999,20200109,39.1,13,36.2,13,9999.9,0,9999.9,0,6.2,13,6.1,13,8.9,999.9,41.0*,37.4*,99.99,999.9,10000
10014,99999,20200110,34.8,16,31.3,16,9999.9,0,9999.9,0,6.2,15,5.1,15,14.0,999.9,37.4*,32.0*,0.00I,999.9,0
10014,99999,20200112,42.3,8,35.6,8,9999.9,0,9999.9,0,6.2,7,8.3,8,12.0,22.9,42.8*,41.0*,99.99,999.9,10000
10014,99999,20200113,42.2,14,37.4,14,9999.9,0,9999.9,0,6.2,14,12.0,14,22.0,31.1,42.8*,41.0*,99.99,999.9,10000
10014,99999,20200114,42.7,14,37.9,14,9999.9,0,9999.9,0,6.2,14,13.1,14,18.1,33.0,44.6*,41.0*,99.99,999.9,11100
10014,99999,20200115,43.4,13,37.0,13,9999.9,0,9999.9,0,6.2,13,13.4,13,18.1,33.0,44.6*,41.0*,99.99,999.9,11000
10014,99999,20200116,45.2,13,41.3,13,9999.9,0,9999.9,0,6.2,13,11.4,13,14.0,25.1,46.4*,44.6*,99.99,999.9,10000
10014,99999,20200117,45.9,12,44.3,12,9999.9,0,9999.9,0,6.0,12,10.5,12,12.0,22.0,46.4*,44.6*,99.99,999.9,10000
10014,99999,20200119,39.5,7,37.7,7,9999.9,0,9999.9,0,6.2,7,7.7,7,9.9,999.9,41.0*,39.2*,99.99,999.9,10000
10014,99999,20200120,44.9,14,44.7,14,9999.9,0,9999.9,0,3.9,14,8.1,14,11.1,999.9,46.4*,44.6*,99.99,999.9,10000
10014,99999,20200121,41.8,14,40.1,14,9999.9,0,9999.9,0,6.2,14,6.8,14,17.1,29.9,44.6*,41.0*,99.99,999.9,10000
10014,99999,20200122,40.0,14,36.6,14,9999.9,0,9999.9,0,6.2,14,3.6,14,7.0,999.9,42.8*,37.4*,0.00I,999.9,0
10014,99999,20200123,44.2,14,44.1,14,9999.9,0,9999.9,0,4.5,13,8.7,14,11.1,999.9,46.4*,41.0*,99.99,999.9,10000
10014,99999,20200124,39.3,14,38.7,14,9999.9,0,9999.9,0,6.2,14,6.4,13,8.9,20.0,41.0*,37.4*,99.99,999.9,11000
10014,99999,20200126,43.5,8,42.3,8,9999.9,0,9999.9,0,6.2,8,13.4,8,18.1,24.1,44.6*,42.8*,99.99,999.9,10000
10014,99999,20200127,40.7,14,39.8,14,9999.9,0,9999.9,0,5.7,14,7.7,14,14.0,999.9,42.8*,39.2*,99.99,999.9,10000
10014,99999,20200128,38.5,13,28.4,13,9999.9,0,9999.9,0,6.2,13,4.9,13,9.9,999.9,41.0*,37.4*,99.99,999.9,10000
10014,99999,20200129,37.4,14,36.8,14,9999.9,0,9999.9,0,6.2,14,5.4,14,8.9,999.9,39.2*,35.6*,99.99,999.9,10000
10014,99999,20200130,38.4,14,37.0,14,9999.9,0,9999.9,0,6.2,14,10.3,14,17.1,999.9,39.2*,37.4*,99.99,999.9,10000
10014,99999,20200131,43.2,15,41.5,15,9999.9,0,9999.9,0,5.5,15,10.3,15,17.1,24.1,44.6*,42.8*,99.99,999.9,10000
10014,99999,20200202,39.7,7,33.3,7,9999.9,0,9999.9,0,6.2,7,4.2,7,8.0,999.9,44.6*,35.6*,0.00I,999.9,0
10014,99999,20200203,34.1,13,28.8,13,9999.9,0,9999.9,0,4.8,13,11.8,13,19.0,999.9,35.6*,32.0*,99.99,999.9,11000
10014,99999,20200204,36.1,10,30.9,10,9999.9,0,9999.9,0,6.2,10,6.1,10,15.0,999.9,37.4*,33.8*,99.99,999.9,10000
10014,99999,20200205,40.3,13,40.0,13,9999.9,0,9999.9,0,5.4,12,8.7,13,12.0,999.9,44.6*,35.6*,99.99,999.9,10000
10014,99999,20200206,43.9,13,43.8,13,9999.9,0,9999.9,0,2.7,13,3.8,13,6.0,999.9,44.6*,42.8*,99.99,999.9,110000
10014,99999,20200207,39.1,14,38.3,14,9999.9,0,9999.9,0,3.5,14,9.5,14,14.0,999.9,41.0*,37.4*,99.99,999.9,110000
10014,99999,20200209,44.9,7,44.9,7,9999.9,0,9999.9,0,2.7,7,16.9,7,22.0,35.0,46.4*,42.8*,99.99,999.9,10000
10014,99999,20200210,39.1,14,36.8,14,9999.9,0,9999.9,0,6.0,14,12.3,14,17.1,29.9,41.0*,37.4*,99.99,999.9,11000
10014,99999,20200211,39.6,14,36.2,14,9999.9,0,9999.9,0,6.2,14,10.3,14,17.1,29.9,41.0*,37.4*,99.99,999.9,11000
10014,99999,20200212,36.2,13,34.4,13,9999.9,0,9999.9,0,5.9,13,11.3,13,18.1,28.0,39.2*,33.8*,99.99,999.9,11000
10014,99999,20200213,33.9,14,33.0,14,9999.9,0,9999.9,0,4.7,14,7.3,14,9.9,999.9,35.6*,32.0*,99.99,999.9,11000
10014,99999,20200214,37.8,14,34.1,14,9999.9,0,9999.9,0,6.1,14,13.3,14,22.0,35.0,41.0*,33.8*,99.99,999.9,10000
10014,99999,20200216,43.1,6,36.8,6,9999.9,0,9999.9,0,6.2,6,15.6,6,18.1,35.0,44.6*,41.0*,0.00I,999.9,0
10014,99999,20200217,44.1,15,40.9,15,9999.9,0,9999.9,0,5.7,15,18.7,15,26.0,42.0,44.6*,41.0*,99.99,999.9,10000
10014,99999,20200218,40.7,13,37.8,13,9999.9,0,9999.9,0,6.2,13,11.8,13,21.0,34.0,44.6*,39.2*,99.99,999.9,11000
10014,99999,20200219,38.8,12,36.3,12,9999.9,0,9999.9,0,6.2,12,8.1,12,11.1,999.9,42.8*,35.6*,0.00I,999.9,0
10014,99999,20200220,40.4,14,39.6,14,9999.9,0,9999.9,0,5.6,14,14.4,13,19.0,34.0,44.6*,33.8*,99.99,999.9,11000
10014,99999,20200221,42.9,15,41.2,15,9999.9,0,9999.9,0,5.6,15,14.9,15,22.0,47.0,46.4*,39.2*,99.99,999.9,11000
10014,99999,20200223,37.6,9,36.0,9,9999.9,0,9999.9,0,6.2,9,5.6,9,11.1,999.9,39.2*,35.6*,99.99,999.9,10000
10014,99999,20200224,36.2,14,34.4,14,9999.9,0,9999.9,0,6.2,14,4.3,14,9.9,999.9,39.2*,33.8*,99.99,999.9,10000
10014,99999,20200225,37.7,13,19.0,13,9999.9,0,9999.9,0,6.2,13,5.3,13,11.1,999.9,39.2*,35.6*,0.00I,999.9,0
10014,99999,20200226,35.0,18,16.9,18,9999.9,0,9999.9,0,5.9,18,11.2,18,18.1,999.9,39.2*,28.4*,99.99,999.9,1000
10014,99999,20200227,33.4,13,29.1,13,9999.9,0,9999.9,0,5.5,13,11.2,13,17.1,22.9,37.4*,30.2*,99.99,999.9,1000
10014,99999,20200228,38.9,12,35.7,12,9999.9,0,9999.9,0,6.2,12,4.1,12,8.9,999.9,42.8*,33.8*,99.99,999.9,10000
10014,99999,20200301,39.0,8,37.4,8,9999.9,0,9999.9,0,6.2,8,13.7,8,17.1,999.9,42.8*,35.6*,99.99,999.9,10000
10014,99999,20200302,40.7,13,38.0,13,9999.9,0,9999.9,0,6.2,13,11.5,13,15.0,27.0,42.8*,37.4*,99.99,999.9,10000
10014,99999,20200303,41.1,13,29.6,13,9999.9,0,9999.9,0,6.2,13,10.5,13,14.0,21.0,46.4*,37.4*,99.99,999.9,10000
10014,99999,20200304,41.4,14,34.3,14,9999.9,0,9999.9,0,6.2,14,3.8,14,7.0,999.9,48.2*,37.4*,0.00I,999.9,0
10014,99999,20200305,38.8,13,34.8,13,9999.9,0,9999.9,0,6.2,13,6.5,13,9.9,999.9,42.8*,33.8*,99.99,999.9,10000
10014,99999,20200306,39.8,15,29.0,15,9999.9,0,9999.9,0,6.2,15,6.1,15,11.1,999.9,46.4*,35.6*,0.00I,999.9,0
10014,99999,20200308,44.4,8,43.9,8,9999.9,0,9999.9,0,6.1,8,10.0,8,13.0,22.0,44.6*,42.8*,99.99,999.9,10000
10014,99999,20200309,43.2,13,40.3,13,9999.9,0,9999.9,0,6.2,13,8.4,13,13.0,999.9,46.4*,41.0*,0.00I,999.9,0
10014,99999,20200310,41.6,13,37.1,13,9999.9,0,9999.9,0,6.2,13,13.4,13,15.9,26.0,42.8*,39.2*,99.99,999.9,10000
10014,99999,20200311,41.8,12,39.0,11,9999.9,0,9999.9,0,6.1,12,12.6,12,18.1,31.1,44.6*,41.0*,99.99,999.9,10000
10014,99999,20200312,40.6,14,36.5,14,9999.9,0,9999.9,0,6.2,14,8.8,13,15.9,25.1,46.4*,35.6*,99.99,999.9,11000
10014,99999,20200313,34.8,11,20.4,11,9999.9,0,9999.9,0,6.2,11,17.1,11,26.0,39.0,37.4*,32.0*,0.00I,999.9,0
10014,99999,20200315,46.0,9,42.4,9,9999.9,0,9999.9,0,6.2,9,8.3,9,14.0,22.9,50.0*,41.0*,99.99,999.9,10000
10014,99999,20200316,40.3,10,35.6,10,9999.9,0,9999.9,0,6.2,10,8.0,10,15.9,22.0,42.8*,37.4*,99.99,999.9,10000
10014,99999,20200317,45.3,10,41.2,10,9999.9,0,9999.9,0,6.2,10,8.9,10,12.0,24.1,46.4*,42.8*,0.00I,999.9,0
10014,99999,20200318,41.2,8,38.1,8,9999.9,0,9999.9,0,6.2,8,10.6,8,15.9,27.0,44.6*,37.4*,99.99,999.9,11000
10014,99999,20200319,41.7,8,40.8,8,9999.9,0,9999.9,0,6.0,8,13.0,8,19.0,31.1,44.6*,39.2*,99.99,999.9,10000
10014,99999,20200320,42.5,7,36.9,7,9999.9,0,9999.9,0,6.2,7,4.7,7,8.9,999.9,46.4*,37.4*,0.00I,999.9,0
10014,99999,20200323,42.6,8,31.1,8,9999.9,0,9999.9,0,6.2,8,19.9,8,26.0,39.0,44.6*,39.2*,0.00I,999.9,0
10014,99999,20200324,44.6,7,33.5,7,9999.9,0,9999.9,0,6.2,7,21.1,7,25.1,42.0,46.4*,42.8*,0.00I,999.9,0
10014,99999,20200325,45.5,8,41.7,8,9999.9,0,9999.9,0,5.3,8,12.8,8,17.1,28.0,46.4*,44.6*,99.99,999.9,10000
10014,99999,20200326,41.0,6,41.0,6,9999.9,0,9999.9,0,5.1,6,9.4,6,9.9,999.9,42.8*,9999.9,99.99,999.9,10000
10014,99999,20200327,45.3,8,39.2,8,9999.9,0,9999.9,0,6.1,8,4.5,8,7.0,999.9,51.8*,39.2*,0.00I,999.9,0
10014,99999,20200330,42.3,7,32.0,7,9999.9,0,9999.9,0,6.2,7,11.0,7,15.9,999.9,46.4*,39.2*,0.00I,999.9,0
10014,99999,20200331,41.9,6,40.4,6,9999.9,0,9999.9,0,6.2,6,8.4,6,11.1,999.9,46.4*,35.6*,99.99,999.9,10000
10014,99999,20200401,42.3,7,42.0,7,9999.9,0,9999.9,0,6.2,7,10.0,7,13.0,999.9,42.8*,41.0*,99.99,999.9,10000
10014,99999,20200402,37.0,8,35.4,8,9999.9,0,9999.9,0,6.2,8,19.1,8,27.0,47.0,39.2*,33.8*,99.99,999.9,11000
10014,99999,20200403,34.0,8,31.8,8,9999.9,0,9999.9,0,6.2,8,10.2,8,17.1,27.0,37.4*,32.0*,99.99,999.9,1000
10014,99999,20200406,58.6,8,33.1,8,9999.9,0,9999.9,0,6.2,8,21.4,8,25.1,36.9,62.6*,51.8*,0.00I,999.9,0
10014,99999,20200407,47.1,8,41.5,8,9999.9,0,9999.9,0,6.2,8,4.2,8,8.9,999.9,51.8*,41.0*,0.00I,999.9,0
10014,99999,20200414,39.5,7,37.1,7,9999.9,0,9999.9,0,5.3,7,6.3,7,12.0,999.9,42.8*,35.6*,99.99,999.9,10000
10014,99999,20200415,44.6,4,44.6,4,9999.9,0,9999.9,0,5.7,4,11.0,4,12.0,999.9,46.4*,9999.9,99.99,999.9,10000
10014,99999,20200416,42.6,8,35.6,8,9999.9,0,9999.9,0,6.2,8,12.9,8,17.1,27.0,46.4*,39.2*,0.00I,999.9,0
10014,99999,20200417,43.2,8,28.6,8,9999.9,0,9999.9,0,6.2,8,6.6,8,8.9,999.9,50.0*,35.6*,0.00I,999.9,0
10014,99999,20200420,54.9,8,37.4,8,9999.9,0,9999.9,0,6.2,8,3.0,8,6.0,999.9,66.2*,42.8*,0.00I,999.9,0
10014,99999,20200421,57.7,8,37.2,8,9999.9,0,9999.9,0,6.2,8,4.4,8,8.9,999.9,64.4*,50.0*,0.00I,999.9,0
10014,99999,20200422,58.1,8,37.0,8,9999.9,0,9999.9,0,6.2,8,4.5,8,8.9,999.9,62.6*,50.0*,0.00I,999.9,0
10014,99999,20200423,47.8,8,43.2,8,9999.9,0,9999.9,0,6.2,8,6.9,8,9.9,999.9,51.8*,44.6*,0.00I,999.9,0
10014,99999,20200424,48.0,8,38.1,8,9999.9,0,9999.9,0,6.2,8,14.3,8,18.1,28.0,51.8*,44.6*,0.00I,999.9,0
10014,99999,20200427,46.2,8,37.6,8,9999.9,0,9999.9,0,6.2,8,4.7,8,6.0,999.9,51.8*,42.8*,0.00I,999.9,0
10014,99999,20200428,50.0,8,33.6,8,9999.9,0,9999.9,0,6.2,8,5.5,8,8.0,999.9,55.4*,41.0*,0.00I,999.9,0
10014,99999,20200429,46.9,10,34.7,10,9999.9,0,9999.9,0,6.2,10,9.1,10,11.1,999.9,50.0*,41.0*,0.00I,999.9,0
10014,99999,20200430,46.8,4,30.6,4,9999.9,0,9999.9,0,6.2,4,13.7,4,17.1,29.9,48.2*,44.6*,99.99,999.9,10000
10014,99999,20200504,44.8,9,32.2,9,9999.9,0,9999.9,0,6.2,9,12.6,9,17.1,999.9,48.2*,41.0*,0.00I,999.9,0
10014,99999,20200505,46.6,8,32.2,8,9999.9,0,9999.9,0,6.2,8,5.8,8,8.9,999.9,50.0*,41.0*,0.00I,999.9,0
10014,99999,20200506,49.3,8,44.4,8,9999.9,0,9999.9,0,6.2,8,9.7,8,14.0,999.9,53.6*,46.4*,0.00I,999.9,0
10014,99999,20200507,46.8,5,39.6,5,9999.9,0,9999.9,0,6.2,5,2.2,5,5.1,999.9,50.0*,42.8*,0.00I,999.9,0
10014,99999,20200508,48.2,8,43.2,8,9999.9,0,9999.9,0,6.2,8,6.5,8,8.9,999.9,51.8*,44.6*,0.00I,999.9,0
10014,99999,20200511,41.2,8,35.4,8,9999.9,0,9999.9,0,6.2,8,11.6,8,18.1,999.9,44.6*,37.4*,99.99,999.9,10000
10014,99999,20200512,38.5,8,28.8,8,9999.9,0,9999.9,0,6.2,8,11.9,8,17.1,26.0,42.8*,33.8*,99.99,999.9,10000
10014,99999,20200513,43.7,8,28.8,8,9999.9,0,9999.9,0,6.2,8,11.5,8,14.0,999.9,46.4*,39.2*,0.00I,999.9,0
10014,99999,20200514,41.2,8,39.0,8,9999.9,0,9999.9,0,6.2,8,5.1,8,8.9,999.9,46.4*,37.4*,99.99,999.9,10000
10014,99999,20200515,43.5,8,34.0,8,9999.9,0,9999.9,0,6.2,8,11.0,8,15.0,999.9,46.4*,41.0*,0.00I,999.9,0
10014,99999,20200518,48.9,8,37.6,8,9999.9,0,9999.9,0,6.2,8,3.0,8,6.0,999.9,53.6*,42.8*,0.00I,999.9,0
10014,99999,20200519,49.1,8,34.7,8,9999.9,0,9999.9,0,6.2,8,7.9,8,11.1,999.9,51.8*,44.6*,0.00I,999.9,0
10014,99999,20200520,53.8,8,35.6,8,9999.9,0,9999.9,0,6.2,8,3.6,8,8.0,999.9,59.0*,46.4*,0.00I,999.9,0
10014,99999,20200527,53.4,8,47.1,8,9999.9,0,9999.9,0,6.2,8,8.3,8,12.0,999.9,55.4*,50.0*,0.00I,999.9,0
10014,99999,20200528,53.2,8,39.6,8,9999.9,0,9999.9,0,6.2,8,5.7,8,9.9,999.9,57.2*,46.4*,0.00I,999.9,0
10014,99999,20200529,57.7,8,41.7,8,9999.9,0,9999.9,0,6.2,8,4.0,8,8.9,999.9,62.6*,51.8*,0.00I,999.9,0
10014,99999,20200602,61.2,8,44.8,8,9999.9,0,9999.9,0,6.2,8,5.4,8,8.0,999.9,64.4*,55.4*,0.00I,999.9,0
10014,99999,20200603,59.0,11,51.1,11,9999.9,0,9999.9,0,6.2,11,4.7,11,8.9,999.9,66.2*,53.6*,0.00I,999.9,0
10014,99999,20200604,50.0,5,49.3,5,9999.9,0,9999.9,0,6.2,5,3.2,5,5.1,999.9,51.8*,48.2*,99.99,999.9,10000
10014,99999,20200605,59.3,7,40.5,7,9999.9,0,9999.9,0,6.2,7,12.4,7,15.9,28.0,60.8*,55.4*,99.99,999.9,10000
10014,99999,20200608,52.1,6,41.6,6,9999.9,0,9999.9,0,6.2,6,11.1,6,15.9,999.9,55.4*,48.2*,0.00I,999.9,0
10014,99999,20200609,55.1,7,47.4,7,9999.9,0,9999.9,0,6.2,5,4.4,7,8.0,999.9,57.2*,50.0*,0.00I,999.9,0
10014,99999,20200610,56.5,8,47.1,8,9999.9,0,9999.9,0,6.2,8,3.1,8,6.0,999.9,59.0*,50.0*,0.00I,999.9,0
10014,99999,20200611,65.7,7,49.2,7,9999.9,0,9999.9,0,6.2,6,6.1,6,13.0,999.9,75.2*,57.2*,0.00I,999.9,0
10014,99999,20200612,73.6,8,43.9,8,9999.9,0,9999.9,0,6.2,8,8.9,8,9.9,999.9,78.8*,69.8*,0.00I,999.9,0
10014,99999,20200615,67.7,7,57.2,7,9999.9,0,9999.9,0,6.2,7,4.7,7,8.0,999.9,71.6*,62.6*,0.00I,999.9,0
10014,99999,20200616,69.1,11,54.9,11,9999.9,0,9999.9,0,6.2,11,6.0,11,11.1,999.9,71.6*,62.6*,0.00I,999.9,0
10014,99999,20200617,59.7,8,57.4,8,9999.9,0,9999.9,0,3.6,8,5.0,8,8.0,999.9,66.2*,55.4*,0.00I,999.9,100000
10014,99999,20200618,61.1,7,58.2,7,9999.9,0,9999.9,0,3.8,7,5.3,7,6.0,999.9,68.0*,55.4*,0.00I,999.9,100000
10014,99999,20200619,74.6,6,56.9,6,9999.9,0,9999.9,0,6.2,6,5.0,6,7.0,999.9,80.6*,68.0*,0.00I,999.9,0
10014,99999,20200622,63.5,8,55.6,8,9999.9,0,9999.9,0,6.2,8,5.0,8,8.0,999.9,69.8*,57.2*,0.00I,999.9,0
10014,99999,20200623,63.3,8,48.9,8,9999.9,0,9999.9,0,6.2,8,11.2,8,14.0,999.9,68.0*,59.0*,0.00I,999.9,0
10014,99999,20200624,69.6,8,57.4,8,9999.9,0,9999.9,0,6.2,8,7.1,8,8.9,999.9,75.2*,62.6*,0.00I,999.9,0
10014,99999,20200625,72.4,7,56.2,7,9999.9,0,9999.9,0,6.2,7,4.0,7,5.1,999.9,75.2*,66.2*,0.00I,999.9,0
10014,99999,20200626,78.1,8,55.6,8,9999.9,0,9999.9,0,6.2,8,7.8,8,9.9,999.9,82.4*,71.6*,0.00I,999.9,0
10014,99999,20200628,62.2,8,60.1,8,9999.9,0,9999.9,0,6.2,8,10.5,8,14.0,25.1,66.2*,59.0*,99.99,999.9,10000
10014,99999,20200629,60.3,8,49.3,8,9999.9,0,9999.9,0,6.2,8,10.5,8,15.0,999.9,64.4*,59.0*,99.99,999.9,10000
10014,99999,20200630,59.9,4,50.9,4,9999.9,0,9999.9,0,6.2,4,5.0,4,8.0,999.9,62.6*,57.2*,0.00I,999.9,0
10014,99999,20200701,58.4,6,45.2,6,9999.9,0,9999.9,0,6.2,6,7.7,6,11.1,999.9,62.6*,55.4*,0.00I,999.9,0
10014,99999,20200702,52.9,8,41.9,8,9999.9,0,9999.9,0,6.2,8,7.6,8,11.1,20.0,57.2*,48.2*,99.99,999.9,10000
10014,99999,20200703,48.7,8,47.3,8,9999.9,0,9999.9,0,6.2,8,5.0,8,12.0,999.9,50.0*,48.2*,99.99,999.9,10000
10014,99999,20200706,55.4,8,49.3,8,9999.9,0,9999.9,0,6.2,8,30.9,8,34.0,49.9,57.2*,53.6*,99.99,999.9,10000
10014,99999,20200707,50.5,11,45.6,11,9999.9,0,9999.9,0,6.2,11,7.2,11,14.0,999.9,57.2*,44.6*,99.99,999.9,10000
10014,99999,20200708,52.2,8,48.2,8,9999.9,0,9999.9,0,6.2,8,11.0,8,15.9,999.9,55.4*,50.0*,99.99,999.9,10000
10014,99999,20200709,57.4,8,45.3,8,9999.9,0,9999.9,0,6.2,8,7.9,8,11.1,999.9,60.8*,53.6*,0.00I,999.9,0
10014,99999,20200710,58.3,8,46.4,8,9999.9,0,9999.9,0,6.2,7,10.7,8,15.0,999.9,60.8*,53.6*,0.00I,999.9,0
10014,99999,20200713,55.4,8,52.0,8,9999.9,0,9999.9,0,6.2,8,8.9,8,11.1,999.9,57.2*,53.6*,99.99,999.9,10000
10014,99999,20200714,58.1,8,57.4,8,9999.9,0,9999.9,0,6.2,8,3.0,8,5.1,999.9,59.0*,57.2*,99.99,999.9,10000
10014,99999,20200715,59.4,8,53.8,8,9999.9,0,9999.9,0,6.2,8,2.7,8,7.0,999.9,64.4*,55.4*,0.00I,999.9,0
10014,99999,20200716,63.1,8,52.9,8,9999.9,0,9999.9,0,6.2,8,3.9,8,6.0,999.9,69.8*,57.2*,0.00I,999.9,0
10014,99999,20200717,58.3,8,57.4,8,9999.9,0,9999.9,0,6.1,8,11.2,8,17.1,999.9,59.0*,57.2*,99.99,999.9,10000
10014,99999,20200720,56.5,8,52.5,8,9999.9,0,9999.9,0,6.2,8,5.9,8,13.0,999.9,60.8*,53.6*,99.99,999.9,10000
10014,99999,20200721,55.2,8,50.0,8,9999.9,0,9999.9,0,6.2,8,7.0,8,13.0,999.9,60.8*,50.0*,99.99,999.9,10000
10014,99999,20200722,56.2,7,47.7,7,9999.9,0,9999.9,0,6.2,7,3.4,7,8.0,999.9,60.8*,51.8*,0.00I,999.9,0
10014,99999,20200723,60.3,8,46.2,8,9999.9,0,9999.9,0,6.2,8,5.5,8,7.0,999.9,68.0*,53.6*,0.00I,999.9,0
10014,99999,20200724,60.1,5,51.1,5,9999.9,0,9999.9,0,6.2,5,3.8,5,5.1,999.9,64.4*,53.6*,0.00I,999.9,0
10014,99999,20200727,60.5,7,56.2,7,9999.9,0,9999.9,0,6.2,7,11.7,7,14.0,22.9,64.4*,57.2*,99.99,999.9,10000
10014,99999,20200728,60.8,7,53.3,7,9999.9,0,9999.9,0,6.2,7,12.8,7,15.9,25.1,64.4*,59.0*,99.99,999.9,10000
10014,99999,20200729,59.5,8,56.1,8,9999.9,0,9999.9,0,6.2,8,7.6,8,13.0,999.9,62.6*,57.2*,99.99,999.9,10000
10014,99999,20200730,56.1,8,56.1,8,9999.9,0,9999.9,0,5.0,8,7.5,8,9.9,999.9,57.2*,55.4*,99.99,999.9,10000
10014,99999,20200731,63.0,8,56.5,8,9999.9,0,9999.9,0,6.2,8,3.1,8,5.1,999.9,69.8*,57.2*,0.00I,999.9,0
10014,99999,20200803,57.2,8,50.7,8,9999.9,0,9999.9,0,6.2,8,8.4,8,11.1,999.9,60.8*,53.6*,0.00I,999.9,0
10014,99999,20200804,55.9,8,52.5,8,9999.9,0,9999.9,0,6.2,8,7.4,8,8.9,999.9,62.6*,51.8*,99.99,999.9,10000
10014,99999,20200805,58.7,7,58.5,7,9999.9,0,9999.9,0,2.8,7,11.1,7,14.0,999.9,59.0*,57.2*,99.99,999.9,10000
10014,99999,20200806,66.0,8,62.4,8,9999.9,0,9999.9,0,6.2,8,8.4,8,9.9,999.9,69.8*,60.8*,99.99,999.9,10000
10014,99999,20200807,65.1,8,60.8,8,9999.9,0,9999.9,0,6.2,8,7.9,8,11.1,999.9,68.0*,62.6*,0.00I,999.9,0
10014,99999,20200809,63.5,6,53.9,6,9999.9,0,9999.9,0,6.2,6,13.3,6,15.0,22.0,64.4*,62.6*,0.00I,999.9,0
10014,99999,20200810,62.1,12,57.4,12,9999.9,0,9999.9,0,6.2,12,4.0,12,8.0,999.9,68.0*,51.8*,0.00I,999.9,100000
10014,99999,20200811,69.5,12,57.3,12,9999.9,0,9999.9,0,6.2,12,4.3,12,8.9,999.9,73.4*,62.6*,0.00I,999.9,0
10014,99999,20200812,75.8,12,61.1,12,9999.9,0,9999.9,0,6.2,12,3.2,12,6.0,999.9,82.4*,66.2*,0.00I,999.9,0
10014,99999,20200813,71.2,12,62.6,12,9999.9,0,9999.9,0,6.2,12,3.0,12,6.0,999.9,75.2*,66.2*,0.00I,999.9,0
10014,99999,20200814,61.4,12,58.9,12,9999.9,0,9999.9,0,6.0,12,9.3,12,12.0,999.9,62.6*,60.8*,99.99,999.9,110000
10014,99999,20200816,70.1,7,61.8,7,9999.9,0,9999.9,0,6.2,7,4.4,7,6.0,999.9,73.4*,64.4*,0.00I,999.9,100000
10014,99999,20200817,67.2,12,59.9,12,9999.9,0,9999.9,0,4.4,12,2.5,12,8.0,999.9,82.4*,57.2*,0.00I,999.9,100000
10014,99999,20200818,76.2,12,56.8,12,9999.9,0,9999.9,0,6.2,12,5.7,12,8.9,999.9,84.2*,71.6*,0.00I,999.9,0
10014,99999,20200819,66.3,12,60.9,12,9999.9,0,9999.9,0,6.2,12,3.0,12,5.1,999.9,71.6*,60.8*,0.00I,999.9,0
10014,99999,20200820,68.5,12,58.7,12,9999.9,0,9999.9,0,6.1,12,9.5,12,14.0,22.9,73.4*,62.6*,99.99,999.9,10000
10014,99999,20200821,65.6,12,58.5,12,9999.9,0,9999.9,0,6.0,12,13.2,12,22.9,36.9,69.8*,62.6*,99.99,999.9,10010
10014,99999,20200823,56.7,10,52.7,10,9999.9,0,9999.9,0,6.2,10,12.1,10,18.1,27.0,59.0*,55.4*,99.99,999.9,10000
10014,99999,20200824,52.3,12,46.9,12,9999.9,0,9999.9,0,6.2,12,3.6,12,7.0,999.9,59.0*,46.4*,99.99,999.9,10000
10014,99999,20200825,55.9,12,48.4,12,9999.9,0,9999.9,0,6.2,12,3.9,12,7.0,999.9,59.0*,50.0*,0.00I,999.9,0
10014,99999,20200826,59.2,11,48.7,11,9999.9,0,9999.9,0,6.2,10,5.3,11,8.9,999.9,64.4*,51.8*,0.00I,999.9,0
10014,99999,20200827,59.6,12,49.0,12,9999.9,0,9999.9,0,6.2,12,8.4,12,14.0,999.9,62.6*,53.6*,0.00I,999.9,0
10014,99999,20200828,62.9,6,48.8,6,9999.9,0,9999.9,0,6.2,6,4.5,6,9.9,999.9,68.0*,59.0*,0.00I,999.9,0
10014,99999,20200830,58.0,11,47.2,11,9999.9,0,9999.9,0,6.2,11,13.8,11,18.1,28.0,60.8*,53.6*,0.00I,999.9,0
10014,99999,20200831,56.5,13,45.7,13,9999.9,0,9999.9,0,6.2,13,4.9,13,8.9,999.9,62.6*,48.2*,0.00I,999.9,0
10014,99999,20200901,62.3,7,50.0,7,9999.9,0,9999.9,0,6.2,7,6.0,7,8.0,999.9,66.2*,60.8*,0.00I,999.9,0
10014,99999,20200902,65.1,8,49.6,8,9999.9,0,9999.9,0,6.2,7,11.4,8,14.0,24.1,68.0*,60.8*,0.00I,999.9,0
10014,99999,20200903,57.1,12,52.2,12,9999.9,0,9999.9,0,6.1,12,13.0,12,15.9,999.9,59.0*,55.4*,99.99,999.9,10000
10014,99999,20200904,56.5,10,54.1,10,9999.9,0,9999.9,0,6.2,10,7.6,10,11.1,999.9,59.0*,53.6*,99.99,999.9,10000
10014,99999,20200906,53.1,11,50.2,11,9999.9,0,9999.9,0,6.2,11,9.7,11,17.1,999.9,57.2*,48.2*,99.99,999.9,10000
10014,99999,20200907,53.1,14,47.2,14,9999.9,0,9999.9,0,5.9,13,10.4,13,17.1,31.1,55.4*,50.0*,99.99,999.9,10000
10014,99999,20200908,54.4,13,53.3,13,9999.9,0,9999.9,0,5.9,13,9.5,13,12.0,999.9,57.2*,51.8*,99.99,999.9,10000
10014,99999,20200909,54.4,12,51.5,12,9999.9,0,9999.9,0,6.2,12,8.6,12,15.0,22.0,59.0*,51.8*,99.99,999.9,10000
10014,99999,20200910,51.5,11,40.8,11,9999.9,0,9999.9,0,6.2,11,4.8,11,8.0,999.9,53.6*,48.2*,0.00I,999.9,0
10014,99999,20200911,53.6,11,51.6,11,9999.9,0,9999.9,0,5.7,11,13.5,11,15.9,31.1,55.4*,51.8*,99.99,999.9,10000
10014,99999,20200913,53.6,11,52.3,11,9999.9,0,9999.9,0,4.9,11,5.7,11,9.9,999.9,55.4*,50.0*,99.99,999.9,10000
10014,99999,20200914,57.5,13,57.2,13,9999.9,0,9999.9,0,6.2,13,7.8,13,9.9,999.9,59.0*,57.2*,0.00I,999.9,0
10014,99999,20200915,57.7,11,56.4,11,9999.9,0,9999.9,0,6.2,11,6.2,11,8.9,999.9,59.0*,57.2*,99.99,999.9,10000
10014,99999,20200916,56.3,6,42.8,6,9999.9,0,9999.9,0,6.2,6,14.3,6,19.0,999.9,57.2*,55.4*,0.00I,999.9,0
10014,99999,20200917,60.8,6,50.0,6,9999.9,0,9999.9,0,6.2,5,7.3,6,13.0,999.9,62.6*,53.6*,0.00I,999.9,0
10014,99999,20200918,53.6,7,52.6,7,9999.9,0,9999.9,0,4.2,7,7.1,7,9.9,999.9,9999.9,9999.9,99.99,999.9,10000
10014,99999,20200920,53.3,13,50.3,13,9999.9,0,9999.9,0,6.2,13,5.2,13,8.0,999.9,57.2*,46.4*,0.00I,999.9,0
10014,99999,20200921,54.8,12,52.6,12,9999.9,0,9999.9,0,5.8,12,9.3,12,13.0,999.9,57.2*,53.6*,99.99,999.9,10000
10014,99999,20200922,57.2,7,48.5,7,9999.9,0,9999.9,0,6.2,7,15.7,7,18.1,31.1,9999.9,55.4*,99.99,999.9,10000
10014,99999,20200923,52.7,10,48.0,10,9999.9,0,9999.9,0,5.4,10,9.9,10,13.0,999.9,55.4*,50.0*,99.99,999.9,10000
10014,99999,20200924,51.2,12,50.0,12,9999.9,0,9999.9,0,6.1,12,5.8,12,12.0,999.9,55.4*,48.2*,99.99,999.9,10000
10014,99999,20200925,50.1,12,45.0,12,9999.9,0,9999.9,0,6.2,12,6.8,12,8.9,999.9,53.6*,42.8*,99.99,999.9,10000
10014,99999,20200927,56.5,11,48.7,11,9999.9,0,9999.9,0,6.2,11,2.4,11,5.1,999.9,64.4*,48.2*,0.00I,999.9,0
10014,99999,20200928,56.9,14,53.1,14,9999.9,0,9999.9,0,6.2,14,4.2,14,8.0,999.9,62.6*,51.8*,0.00I,999.9,0
10014,99999,20200929,55.4,5,54.7,5,9999.9,0,9999.9,0,0.9,5,3.2,5,5.1,999.9,9999.9,9999.9,99.99,999.9,10000
10014,99999,20200930,57.4,11,51.5,11,9999.9,0,9999.9,0,6.2,11,8.2,11,12.0,999.9,60.8*,53.6*,99.99,999.9,10000
10014,99999,20201001,62.0,9,46.0,9,9999.9,0,9999.9,0,6.2,9,16.3,9,19.0,32.1,64.4*,60.8*,0.00I,999.9,0
10014,99999,20201002,64.1,7,45.6,7,9999.9,0,9999.9,0,6.2,7,18.9,7,21.0,31.1,66.2*,62.6*,0.00I,999.9,0
10014,99999,20201004,61.4,13,49.3,13,9999.9,0,9999.9,0,6.2,13,9.5,13,15.0,26.0,66.2*,57.2*,99.99,999.9,10000
10014,99999,20201005,58.6,13,45.4,13,9999.9,0,9999.9,0,6.2,13,8.9,13,14.0,999.9,62.6*,53.6*,0.00I,999.9,0
10014,99999,20201006,58.6,9,45.8,9,9999.9,0,9999.9,0,6.2,9,6.0,9,8.0,999.9,60.8*,55.4*,99.99,999.9,10000
10014,99999,20201007,53.8,8,49.6,8,9999.9,0,9999.9,0,6.2,8,7.0,8,8.9,999.9,57.2*,51.8*,99.99,999.9,10000
10014,99999,20201008,50.6,12,49.2,12,9999.9,0,9999.9,0,6.2,12,5.6,12,15.0,999.9,53.6*,50.0*,99.99,999.9,10000
10014,99999,20201009,46.0,12,43.4,12,9999.9,0,9999.9,0,6.2,12,8.6,12,13.0,999.9,48.2*,44.6*,99.99,999.9,10000
10014,99999,20201011,49.3,11,42.6,11,9999.9,0,9999.9,0,6.2,11,9.0,11,15.0,999.9,55.4*,41.0*,0.00I,999.9,0
10014,99999,20201012,47.6,14,41.9,14,9999.9,0,9999.9,0,6.2,14,3.8,14,8.0,999.9,53.6*,42.8*,99.99,999.9,10000
10014,99999,20201013,54.5,6,39.5,6,9999.9,0,9999.9,0,6.2,6,4.3,6,6.0,999.9,57.2*,51.8*,0.00I,999.9,0
10014,99999,20201014,51.4,9,39.8,9,9999.9,0,9999.9,0,6.2,9,5.2,9,8.9,999.9,53.6*,46.4*,0.00I,999.9,0
10014,99999,20201015,53.1,7,43.1,7,9999.9,0,9999.9,0,6.2,7,4.4,7,6.0,999.9,55.4*,48.2*,0.00I,999.9,0
10014,99999,20201016,52.6,7,41.5,7,9999.9,0,9999.9,0,6.2,7,6.6,7,8.0,999.9,53.6*,50.0*,0.00I,999.9,0
10014,99999,20201018,43.8,13,33.1,13,9999.9,0,9999.9,0,6.2,13,10.8,13,17.1,999.9,46.4*,41.0*,0.00I,999.9,0
10014,99999,20201019,42.8,14,35.0,14,9999.9,0,9999.9,0,6.2,14,7.1,14,15.0,999.9,46.4*,39.2*,99.99,999.9,10000
10014,99999,20201020,48.4,8,47.1,8,9999.9,0,9999.9,0,6.2,8,12.9,8,17.1,999.9,50.0*,46.4*,99.99,999.9,10000
10014,99999,20201021,53.3,7,52.6,7,9999.9,0,9999.9,0,6.2,7,7.8,7,9.9,999.9,55.4*,51.8*,99.99,999.9,10000
10014,99999,20201022,49.2,7,47.9,7,9999.9,0,9999.9,0,6.2,7,2.1,7,5.1,999.9,51.8*,46.4*,0.00I,999.9,0
10014,99999,20201023,46.8,10,37.4,10,9999.9,0,9999.9,0,6.2,10,6.3,10,11.1,999.9,48.2*,44.6*,0.00I,999.9,0
10014,99999,20201025,48.5,13,46.1,13,9999.9,0,9999.9,0,5.8,13,10.7,13,15.0,25.1,50.0*,46.4*,99.99,999.9,11000
10014,99999,20201026,48.8,14,42.7,14,9999.9,0,9999.9,0,6.2,14,10.8,14,15.0,999.9,51.8*,46.4*,99.99,999.9,10000
10014,99999,20201027,51.1,8,42.8,8,9999.9,0,9999.9,0,6.2,8,9.6,8,14.0,999.9,53.6*,48.2*,99.99,999.9,10000
10014,99999,20201028,46.7,7,44.9,7,9999.9,0,9999.9,0,5.9,7,14.3,7,22.0,45.1,48.2*,44.6*,99.99,999.9,11000
10014,99999,20201029,47.6,6,46.7,6,9999.9,0,9999.9,0,6.2,4,7.0,6,8.0,999.9,48.2*,46.4*,99.99,999.9,10000
10014,99999,20201030,49.8,10,46.4,10,9999.9,0,9999.9,0,6.2,10,11.3,10,19.0,28.9,53.6*,48.2*,99.99,999.9,10000
10014,99999,20201101,48.6,12,45.7,12,9999.9,0,9999.9,0,5.8,12,17.7,12,24.1,35.9,50.0*,46.4*,99.99,999.9,10000
10014,99999,20201102,49.2,14,45.9,14,9999.9,0,9999.9,0,6.1,14,8.4,14,14.0,20.0,50.0*,44.6*,99.99,999.9,10000
10014,99999,20201103,45.5,8,42.8,8,9999.9,0,9999.9,0,6.2,8,8.5,8,12.0,28.9,48.2*,42.8*,99.99,999.9,10000
10014,99999,20201104,44.8,8,42.3,8,9999.9,0,9999.9,0,6.2,8,9.9,8,14.0,999.9,46.4*,42.8*,99.99,999.9,10000
10014,99999,20201105,51.8,7,50.8,7,9999.9,0,9999.9,0,0.9,6,10.7,7,13.0,22.9,9999.9,9999.9,99.99,999.9,10000
10014,99999,20201106,47.5,10,46.9,10,9999.9,0,9999.9,0,5.8,10,3.8,10,7.0,999.9,50.0*,44.6*,99.99,999.9,10000
10014,99999,20201108,44.4,8,43.2,8,9999.9,0,9999.9,0,6.2,8,5.4,8,8.9,999.9,48.2*,42.8*,0.00I,999.9,100000
10014,99999,20201109,47.8,10,38.5,10,9999.9,0,9999.9,0,6.2,10,7.3,10,9.9,999.9,50.0*,44.6*,0.00I,999.9,0
10014,99999,20201110,47.7,7,44.3,7,9999.9,0,9999.9,0,6.2,7,4.7,7,6.0,999.9,48.2*,46.4*,99.99,999.9,10000
10014,99999,20201111,51.0,7,44.6,7,9999.9,0,9999.9,0,6.2,7,12.2,7,15.9,26.0,51.8*,50.0*,0.00I,999.9,0
10014,99999,20201112,52.8,7,39.7,7,9999.9,0,9999.9,0,6.2,7,13.1,7,15.0,999.9,53.6*,51.8*,0.00I,999.9,0
10014,99999,20201113,50.4,5,41.7,5,9999.9,0,9999.9,0,6.2,5,19.6,5,22.0,38.1,51.8*,48.2*,99.99,999.9,10000
10014,99999,20201115,52.4,14,48.7,14,9999.9,0,9999.9,0,5.8,14,14.7,14,19.0,31.1,53.6*,51.8*,99.99,999.9,10000
10014,99999,20201116,47.1,8,40.5,8,9999.9,0,9999.9,0,6.2,8,12.4,8,15.0,999.9,48.2*,46.4*,99.99,999.9,10000
10014,99999,20201117,50.2,9,49.4,9,9999.9,0,9999.9,0,5.5,9,11.9,9,15.9,26.0,51.8*,48.2*,99.99,999.9,10000
10014,99999,20201118,51.6,12,50.3,12,9999.9,0,9999.9,0,4.6,11,16.8,12,20.0,34.0,51.8*,50.0*,99.99,999.9,10000
10014,99999,20201119,36.7,8,32.0,8,9999.9,0,9999.9,0,5.7,7,20.5,8,28.9,48.0,41.0*,33.8*,99.99,999.9,11000
10014,99999,20201120,35.8,10,32.4,10,9999.9,0,9999.9,0,6.2,10,7.4,10,12.0,999.9,37.4*,33.8*,0.00I,999.9,0
10014,99999,20201122,44.6,12,40.4,12,9999.9,0,9999.9,0,6.2,12,16.6,12,26.0,42.0,46.4*,41.0*,99.99,999.9,10000
10014,99999,20201123,42.8,17,41.1,17,9999.9,0,9999.9,0,6.1,17,9.7,17,14.0,26.0,46.4*,39.2*,99.99,999.9,10000
10014,99999,20201124,47.7,15,46.6,15,9999.9,0,9999.9,0,5.5,15,9.3,15,14.0,24.1,50.0*,46.4*,99.99,999.9,10000
10014,99999,20201125,45.7,19,44.5,19,9999.9,0,9999.9,0,5.6,18,6.6,19,17.1,28.0,50.0*,41.0*,99.99,999.9,110000
10014,99999,20201126,39.8,18,38.1,18,9999.9,0,9999.9,0,6.2,18,3.8,18,7.0,15.0,42.8*,37.4*,99.99,999.9,10000
10014,99999,20201127,39.8,9,31.2,9,9999.9,0,9999.9,0,6.2,9,10.1,9,12.0,999.9,41.0*,37.4*,0.00I,999.9,0
10014,99999,20201129,42.3,8,37.9,8,9999.9,0,9999.9,0,6.2,8,11.9,8,15.0,27.0,42.8*,41.0*,99.99,999.9,10000
10014,99999,20201130,44.6,14,43.3,14,9999.9,0,9999.9,0,5.9,14,7.4,14,12.0,999.9,46.4*,42.8*,99.99,999.9,10000
10014,99999,20201201,39.3,12,34.2,12,9999.9,0,9999.9,0,6.2,12,4.3,12,12.0,999.9,42.8*,37.4*,0.00I,999.9,0
10014,99999,20201202,43.5,12,38.8,12,9999.9,0,9999.9,0,6.1,12,17.5,12,21.0,35.0,44.6*,42.8*,99.99,999.9,10000
10014,99999,20201203,39.6,14,37.0,14,9999.9,0,9999.9,0,6.2,14,11.6,14,15.0,999.9,41.0*,37.4*,99.99,999.9,10000
10014,99999,20201204,41.2,10,27.3,10,9999.9,0,9999.9,0,6.2,10,6.3,10,14.0,999.9,42.8*,41.0*,99.99,999.9,10000
10014,99999,20201206,43.4,6,32.9,6,9999.9,0,9999.9,0,6.2,6,7.0,6,9.9,999.9,44.6*,41.0*,0.00I,999.9,0
10014,99999,20201207,41.1,14,40.1,14,9999.9,0,9999.9,0,6.2,14,3.5,13,6.0,999.9,42.8*,39.2*,99.99,999.9,10000
10014,99999,20201208,46.2,10,34.2,10,9999.9,0,9999.9,0,6.2,10,7.9,10,12.0,999.9,46.4*,42.8*,99.99,999.9,10000
10014,99999,20201209,43.0,12,32.0,12,9999.9,0,9999.9,0,6.2,12,9.1,12,13.0,999.9,44.6*,41.0*,0.00I,999.9,0
10014,99999,20201210,44.6,14,31.7,14,9999.9,0,9999.9,0,6.2,13,10.6,13,15.9,999.9,9999.9,9999.9,0.00I,999.9,0
10014,99999,20201211,41.6,9,24.2,9,9999.9,0,9999.9,0,6.2,9,14.9,9,20.0,25.1,42.8*,41.0*,0.00I,999.9,0
10014,99999,20201213,43.0,10,31.2,9,9999.9,0,9999.9,0,6.2,10,5.9,10,9.9,999.9,44.6*,39.2*,0.00I,999.9,0
10014,99999,20201214,45.2,14,35.1,14,9999.9,0,9999.9,0,6.2,14,20.5,14,26.0,35.9,48.2*,42.8*,99.99,999.9,10000
10014,99999,20201216,45.9,8,43.5,8,9999.9,0,9999.9,0,6.2,8,10.6,8,13.0,999.9,48.2*,44.6*,99.99,999.9,10000
10014,99999,20201217,45.8,13,43.9,13,9999.9,0,9999.9,0,6.0,13,11.4,13,18.1,999.9,46.4*,44.6*,99.99,999.9,10000
10014,99999,20201218,47.6,13,46.0,13,9999.9,0,9999.9,0,4.8,13,15.3,13,17.1,999.9,48.2*,46.4*,99.99,999.9,10000
10014,99999,20201220,45.3,5,42.8,5,9999.9,0,9999.9,0,6.1,5,16.8,5,31.1,50.5,46.4*,44.6*,99.99,999.9,11000
10014,99999,20201221,43.4,14,42.0,14,9999.9,0,9999.9,0,6.2,14,11.4,14,15.9,28.0,44.6*,42.8*,99.99,999.9,10000
10014,99999,20201222,42.4,13,40.4,13,9999.9,0,9999.9,0,6.2,13,10.7,13,15.9,24.1,44.6*,41.0*,99.99,999.9,10000
10014,99999,20201223,39.0,9,36.8,9,9999.9,0,9999.9,0,6.2,9,5.1,9,8.0,999.9,41.0*,35.6*,99.99,999.9,10000
10014,99999,20201227,41.2,8,39.0,8,9999.9,0,9999.9,0,6.2,8,15.4,8,19.0,29.9,42.8*,39.2*,99.99,999.9,10000
10014,99999,20201228,40.0,14,33.4,14,9999.9,0,9999.9,0,6.2,14,7.2,14,14.0,21.0,41.0*,39.2*,99.99,999.9,10000
10014,99999,20201229,38.9,7,35.3,7,9999.9,0,9999.9,0,6.2,7,1.9,7,4.1,999.9,39.2*,37.4*,0.00I,999.9,0
10014,99999,20201230,39.7,7,34.6,7,9999.9,0,9999.9,0,6.2,7,4.4,7,12.0,999.9,41.0*,39.2*,0.00I,999.9,0
10020,99999,20200101,5.8,23,1.6,23,994.4,23,993.6,23,999.9,0,10.6,23,15.5,999.9,8.4*,2.3*,0.00I,999.9,0
10020,99999,20200102,4.2,22,-0.1,22,994.9,22,994.1,22,999.9,0,12.2,22,17.5,999.9,7.5*,-0.4*,0.00I,999.9,0
10020,99999,20200103,2.3,23,-1.4,23,991.3,23,990.5,23,999.9,0,16.8,23,19.4,999.9,5.0*,-0.6,0.00I,999.9,0
10020,99999,20200104,4.9,23,2.0,23,990.9,23,990.1,23,999.9,0,18.2,23,21.4,999.9,6.8*,2.5,0.00I,999.9,0
10020,99999,20200105,6.9,20,3.2,20,1000.3,20,999.4,20,999.9,0,10.0,20,17.5,999.9,8.4*,5.2*,0.00I,999.9,0
10020,99999,20200106,6.9,20,3.0,20,1001.1,20,1000.3,20,999.9,0,17.0,20,29.1,999.9,10.0*,4.8*,0.00I,999.9,0
10020,99999,20200107,10.5,24,7.6,24,991.0,24,990.1,24,999.9,0,33.7,24,50.5,999.9,18.0*,5.5,0.00I,999.9,0
10020,99999,20200108,23.2,21,20.8,21,980.3,21,979.5,21,999.9,0,36.9,21,46.6,999.9,26.2*,18.1*,0.00I,999.9,0
10020,99999,20200109,13.4,23,9.0,23,993.0,23,992.2,23,999.9,0,30.5,23,40.8,999.9,19.2*,8.2*,0.00I,999.9,0
10020,99999,20200110,6.6,21,2.0,21,1007.8,21,1006.9,21,999.9,0,18.3,21,25.3,999.9,9.5*,5.7*,0.00I,999.9,0
10020,99999,20200111,4.5,17,0.4,17,1009.4,17,1008.5,17,999.9,0,9.4,17,13.6,999.9,5.7*,1.9*,0.00I,999.9,0
10020,99999,20200112,1.8,23,-2.3,23,1003.1,23,1002.3,23,999.9,0,8.8,23,13.6,999.9,3.0,0.7*,0.00I,999.9,0
10020,99999,20200113,3.2,20,-1.0,20,1002.0,20,1001.2,20,999.9,0,13.7,20,21.4,999.9,6.3,-0.9*,0.00I,999.9,0
10020,99999,20200114,5.1,23,1.5,23,999.9,23,999.0,23,999.9,0,18.5,23,21.4,999.9,5.7*,4.5*,0.00I,999.9,0
10020,99999,20200115,2.0,23,-1.6,23,1000.2,23,999.4,23,999.9,0,14.1,23,19.4,999.9,3.9,-0.2*,0.00I,999.9,0
10020,99999,20200116,4.0,22,0.5,22,1003.8,22,1002.9,22,999.9,0,20.9,22,23.3,999.9,5.5,2.5*,0.00I,999.9,0
10020,99999,20200117,2.5,22,-1.1,22,1008.6,22,1007.7,22,999.9,0,10.0,22,19.4,999.9,8.6*,-0.9*,0.00I,999.9,0
10020,99999,20200118,14.0,23,10.0,23,1002.1,23,1001.3,23,999.9,0,17.3,23,31.1,999.9,26.8,2.8*,0.00I,999.9,0
10020,99999,20200119,16.8,23,14.8,23,993.9,23,993.0,23,999.9,0,20.4,23,31.1,999.9,27.0*,8.8*,0.00I,999.9,0
10020,99999,20200120,20.1,23,18.2,23,987.8,23,987.0,23,999.9,0,13.9,23,21.4,999.9,25.9*,12.7*,0.00I,999.9,0
10020,99999,20200121,5.4,21,2.0,21,1002.0,21,1001.1,21,999.9,0,17.8,21,25.3,999.9,12.4*,3.2*,0.00I,999.9,0
10020,99999,20200122,2.0,23,-2.4,23,1013.3,23,1012.4,23,999.9,0,10.4,23,15.5,999.9,4.5*,-5.4*,0.00I,999.9,0
10020,99999,20200123,3.7,22,-0.8,22,1007.8,22,1006.9,22,999.9,0,28.3,22,36.9,999.9,5.9*,-6.9,0.00I,999.9,0
10020,99999,20200124,4.5,23,0.1,23,1013.3,23,1012.4,23,999.9,0,20.3,23,29.1,999.9,10.2,-0.0*,0.00I,999.9,0
10020,99999,20200125,2.0,24,-4.9,24,1017.9,24,1017.0,24,999.9,0,11.5,24,17.5,999.9,5.4*,-2.7*,0.00I,999.9,0
10020,99999,20200126,9.6,23,0.6,23,1016.7,23,1015.9,23,999.9,0,9.1,23,15.5,999.9,16.9*,-2.9,0.00I,999.9,0
10020,99999,20200127,16.2,22,6.7,22,1014.7,22,1013.8,22,999.9,0,19.0,22,27.2,999.9,19.6,12.4*,0.00I,999.9,0
10020,99999,20200128,14.6,22,2.5,22,1014.5,22,1013.7,22,999.9,0,16.9,22,21.4,22.5,18.1*,12.0*,0.00I,999.9,0
10020,99999,20200129,16.0,22,4.0,22,1010.6,22,1009.8,22,999.9,0,11.1,22,17.5,999.9,20.3*,7.9,0.00I,999.9,0
10020,99999,20200130,17.4,21,7.9,21,1000.3,21,999.5,21,999.9,0,10.6,21,19.4,999.9,22.5*,12.6*,0.00I,999.9,0
10020,99999,20200131,13.4,22,9.0,22,994.4,22,993.6,22,999.9,0,10.6,22,15.5,999.9,26.8*,6.3*,0.00I,999.9,0
10020,99999,20200201,11.4,24,8.7,24,987.5,24,986.7,24,999.9,0,15.7,24,21.4,999.9,14.7,6.6,0.00I,999.9,0
10020,99999,20200202,8.3,22,5.4,22,981.5,22,980.7,22,999.9,0,15.7,22,27.2,999.9,15.6,-2.7*,0.00I,999.9,0
10020,99999,20200203,-6.9,22,-11.5,22,983.6,22,982.8,22,999.9,0,23.8,22,29.1,999.9,-3.8*,-9.6*,0.00I,999.9,0
10020,99999,20200204,-5.0,22,-11.2,22,988.4,22,987.5,22,999.9,0,17.9,22,23.3,999.9,1.2*,-11.7,0.00I,999.9,0
10020,99999,20200205,-2.4,23,-9.8,23,995.4,23,994.5,23,999.9,0,11.7,23,17.5,999.9,3.7*,-7.8*,0.00I,999.9,0
10020,99999,20200206,-4.5,23,-10.3,23,1006.5,23,1005.6,23,999.9,0,13.0,23,17.5,999.9,-0.8,-10.5*,0.00I,999.9,0
10020,99999,20200207,7.5,24,3.8,24,989.2,24,988.3,24,999.9,0,29.2,24,38.9,999.9,13.1,-9.9,0.00I,999.9,0
10020,99999,20200208,17.8,22,14.0,22,985.9,22,985.1,22,999.9,0,24.1,22,31.1,999.9,21.2,13.8*,0.00I,999.9,0
10020,99999,20200209,15.8,23,10.9,23,987.6,23,986.8,23,999.9,0,24.1,23,33.0,999.9,18.9*,13.3*,0.00I,999.9,0
10020,99999,20200210,11.9,22,6.9,22,983.0,22,982.2,22,999.9,0,23.0,22,27.2,28.4,14.7*,8.8*,0.00I,999.9,0
10020,99999,20200211,11.8,23,6.7,23,982.1,23,981.3,23,999.9,0,26.1,23,33.0,999.9,14.7,8.4*,0.00I,999.9,0
10020,99999,20200212,-3.5,22,-7.1,22,991.4,22,990.5,22,999.9,0,17.2,22,25.3,999.9,6.8*,-7.2*,0.00I,999.9,0
10020,99999,20200213,-5.9,22,-10.4,22,997.2,22,996.3,22,999.9,0,14.0,22,19.4,999.9,-2.9*,-7.2*,0.00I,999.9,0
10020,99999,20200214,-2.4,23,-6.2,23,1004.3,23,1003.4,23,999.9,0,16.2,23,23.3,999.9,-0.4,-5.4*,0.00I,999.9,0
10020,99999,20200215,-0.8,22,-6.1,22,1001.1,22,1000.3,22,999.9,0,13.9,22,21.4,999.9,8.1*,-8.9*,0.00I,999.9,0
10020,99999,20200216,13.0,22,7.4,22,993.0,22,992.1,22,999.9,0,13.2,22,19.4,999.9,19.2,5.4*,0.00I,999.9,0
10020,99999,20200217,-1.6,24,-5.6,24,990.4,24,989.5,24,999.9,0,11.4,24,13.6,999.9,5.0*,-6.3*,0.00I,999.9,0
10020,99999,20200218,-7.6,22,-11.9,22,988.9,22,988.1,22,999.9,0,20.6,22,31.1,999.9,-4.5*,-9.8*,0.00I,999.9,0
10020,99999,20200219,-4.5,23,-9.1,23,980.1,23,979.2,23,999.9,0,33.2,23,35.0,999.9,-2.6*,-6.0*,0.00I,999.9,0
10020,99999,20200220,-0.1,21,-4.4,21,981.4,21,980.5,21,999.9,0,28.0,21,35.0,999.9,1.8,-2.2*,0.00I,999.9,0
10020,99999,20200221,-4.7,24,-8.6,24,982.2,24,981.4,24,999.9,0,10.3,24,23.3,999.9,-0.8,-9.8*,0.00I,999.9,0
10020,99999,20200222,-8.6,24,-12.4,24,979.5,24,978.6,24,999.9,0,4.8,24,7.8,999.9,-6.9*,-11.7*,0.00I,999.9,0
10020,99999,20200223,-10.1,24,-14.1,24,985.2,24,984.3,24,999.9,0,8.7,24,13.6,999.9,-7.4,-13.4*,0.00I,999.9,0
10020,99999,20200224,-6.5,23,-10.6,23,988.5,23,987.7,23,999.9,0,18.6,23,20.0,23.5,-4.0,-11.0*,0.00I,999.9,0
10020,99999,20200225,-8.7,22,-13.8,22,990.5,22,989.6,22,999.9,0,17.8,22,19.4,999.9,-6.3*,-10.3*,0.00I,999.9,0
10020,99999,20200226,-8.3,23,-12.9,23,993.9,23,993.0,23,999.9,0,11.1,23,18.8,22.5,-3.3*,-14.4*,0.00I,999.9,0
10020,99999,20200227,-18.1,24,-22.8,24,999.7,24,998.8,24,999.9,0,10.7,24,13.6,999.9,-15.3*,-20.4*,0.00I,999.9,0
10020,99999,20200228,-22.8,24,-27.6,24,1006.4,24,1005.5,24,999.9,0,8.6,24,13.6,999.9,-18.9*,-25.4*,0.00I,999.9,0
10020,99999,20200229,-26.2,24,-31.3,24,1010.6,24,1009.7,24,999.9,0,3.9,20,5.8,999.9,-25.2,-27.4*,0.00I,999.9,0
10020,99999,20200301,-20.0,24,-24.8,24,1005.6,24,1004.6,24,999.9,0,5.3,22,7.8,999.9,-12.8*,-27.9,0.00I,999.9,0
10020,99999,20200302,-24.3,22,-29.3,22,1006.3,22,1005.4,22,999.9,0,10.2,22,13.6,999.9,-16.1*,-28.3*,0.00I,999.9,0
10020,99999,20200303,-25.7,24,-30.8,24,1015.9,24,1015.0,24,999.9,0,9.7,22,17.5,999.9,-12.5*,-31.7*,0.00I,999.9,0
10020,99999,20200304,-3.1,24,-6.6,24,1013.8,24,1012.9,24,999.9,0,24.8,24,31.1,31.7,3.7*,-21.3,0.00I,999.9,0
10020,99999,20200305,7.1,22,4.4,22,1007.8,22,1006.9,22,999.9,0,23.4,22,31.1,32.6,10.0,3.7*,0.00I,999.9,0
10020,99999,20200306,5.9,24,2.7,24,999.9,24,999.0,24,999.9,0,7.5,23,17.5,999.9,13.6,-0.8*,0.00I,999.9,0
10020,99999,20200307,9.8,23,7.5,23,995.9,23,995.0,23,999.9,0,10.2,13,25.3,999.9,14.7*,6.6*,0.00I,999.9,0
10020,99999,20200308,-10.9,23,-14.9,23,997.1,23,996.2,23,999.9,0,18.7,23,23.3,999.9,16.5*,-26.9*,0.00I,999.9,0
10020,99999,20200309,-28.4,24,-33.5,24,1003.4,24,1002.5,24,999.9,0,8.1,24,13.6,999.9,-27.2,-29.9*,0.00I,999.9,0
10020,99999,20200310,-31.4,23,-36.7,23,1004.4,23,1003.4,23,999.9,0,10.5,23,11.7,13.2,-29.9*,-33.3*,0.00I,999.9,0
10020,99999,20200311,-31.8,24,-37.2,24,999.9,24,998.9,24,999.9,0,10.4,24,13.6,999.9,-28.5,-36.0*,0.00I,999.9,0
10020,99999,20200312,-20.6,24,-25.5,24,988.6,24,987.7,24,999.9,0,18.7,24,21.4,999.9,-15.3,-35.0,0.00I,999.9,0
10020,99999,20200313,-18.9,23,-23.9,23,994.3,23,993.4,23,999.9,0,21.4,23,27.2,34.6,-16.8*,-20.6*,0.00I,999.9,0
10020,99999,20200314,-11.8,24,-16.8,24,992.8,24,991.9,24,999.9,0,25.6,24,31.1,999.9,-6.7*,-18.0*,0.00I,999.9,0
10020,99999,20200315,-14.4,23,-20.4,23,983.5,23,982.6,23,999.9,0,10.4,23,17.5,999.9,-9.4*,-21.3*,0.00I,999.9,0
10020,99999,20200316,-28.9,24,-34.2,24,989.1,24,988.2,24,999.9,0,11.2,24,17.5,999.9,-23.3*,-31.9*,0.00I,999.9,0
10020,99999,20200317,-26.6,22,-31.8,22,1001.3,22,1000.4,22,999.9,0,9.5,22,15.5,999.9,-23.8*,-29.2*,0.00I,999.9,0
10020,99999,20200318,-26.5,23,-31.7,23,1008.8,23,1007.8,23,999.9,0,12.2,23,15.5,999.9,-22.7*,-28.1*,0.00I,999.9,0
10020,99999,20200319,-16.9,24,-21.9,24,1012.9,24,1012.0,24,999.9,0,19.8,24,27.2,999.9,-5.4*,-26.1,0.00I,999.9,0
10020,99999,20200320,-7.1,22,-12.9,22,1009.2,22,1008.3,22,999.9,0,19.2,22,23.3,999.9,-4.5*,-10.5*,0.00I,999.9,0
10020,99999,20200321,-9.6,24,-13.6,24,1004.5,24,1003.6,24,999.9,0,9.3,22,21.4,999.9,1.6*,-14.4*,0.00I,999.9,0
10020,99999,20200322,14.5,23,11.7,23,982.3,23,981.5,23,999.9,0,17.8,23,29.1,999.9,21.6*,1.6*,0.00I,999.9,0
10020,99999,20200323,3.6,23,0.1,23,987.0,23,986.1,23,999.9,0,12.3,23,23.3,999.9,16.7*,-7.4*,0.00I,999.9,0
10020,99999,20200324,3.5,23,0.4,23,978.7,23,977.8,23,999.9,0,12.3,23,21.4,999.9,8.1,-7.4*,0.00I,999.9,0
10020,99999,20200325,-3.9,23,-8.0,23,985.0,23,984.1,23,999.9,0,14.9,23,21.4,999.9,3.7*,-9.4*,0.00I,999.9,0
10020,99999,20200326,-10.4,21,-14.9,21,997.3,21,996.4,21,999.9,0,14.1,21,21.4,999.9,-4.4,-15.7*,0.00I,999.9,0
10020,99999,20200327,-13.5,22,-18.0,22,1003.0,22,1002.2,22,999.9,0,6.7,20,13.6,999.9,-11.7*,-17.5*,0.00I,999.9,0
10020,99999,20200328,-10.3,22,-15.5,22,1008.5,22,1007.6,22,999.9,0,17.5,22,21.4,23.3,-8.7,-14.3*,0.00I,999.9,0
10020,99999,20200329,-11.3,22,-16.5,22,1015.0,22,1014.1,22,999.9,0,19.9,22,23.3,999.9,-9.6*,-12.5*,0.00I,999.9,0
10020,99999,20200330,-11.8,24,-16.6,24,1015.6,24,1014.8,24,999.9,0,8.9,22,19.4,999.9,-8.9*,-19.7*,0.00I,999.9,0
10020,99999,20200331,-20.3,23,-25.2,23,1015.2,23,1014.2,23,999.9,0,9.1,18,15.5,999.9,-17.7,-22.9*,0.00I,999.9,0
10020,99999,20200401,-8.3,20,-12.8,20,1002.7,20,1001.8,20,999.9,0,21.0,20,29.1,999.9,0.3*,-22.5*,0.00I,999.9,0
10020,99999,20200402,-6.6,19,-11.2,19,994.5,19,993.6,19,999.9,0,11.1,19,15.5,999.9,-1.3*,-15.9*,0.00I,999.9,0
10020,99999,20200403,-19.0,20,-24.0,20,1003.3,20,1002.4,20,999.9,0,4.5,17,7.8,999.9,-14.3*,-21.5*,0.00I,999.9,0
10020,99999,20200404,-13.5,24,-18.1,24,1016.9,24,1016.0,24,999.9,0,8.9,21,13.6,999.9,-9.9*,-18.0*,0.00I,999.9,0
10020,99999,20200405,-10.2,20,-14.7,20,1019.1,20,1018.2,20,999.9,0,11.3,20,15.5,16.3,-5.3*,-14.6*,0.00I,999.9,0
10020,99999,20200406,1.9,20,-3.7,20,1016.0,20,1015.1,20,999.9,0,11.0,20,17.5,999.9,8.6,-8.5*,0.00I,999.9,0
10020,99999,20200407,-4.7,22,-8.5,22,1008.5,22,1007.6,22,999.9,0,4.8,20,9.7,999.9,-1.3,-11.7*,0.00I,999.9,0
10020,99999,20200408,-19.1,22,-23.9,22,1009.2,22,1008.3,22,999.9,0,6.5,21,15.5,999.9,-12.5*,-23.6*,0.00I,999.9,0
10020,99999,20200409,-5.6,22,-9.5,22,1005.3,22,1004.4,22,999.9,0,13.6,22,21.4,999.9,1.0*,-20.0*,0.00I,999.9,0
10020,99999,20200410,-9.2,24,-13.4,24,1009.5,24,1008.6,24,999.9,0,6.2,24,9.7,999.9,-6.2,-12.8*,0.00I,999.9,0
10020,99999,20200411,-13.7,24,-18.2,24,1018.3,24,1017.4,24,999.9,0,4.9,21,7.8,999.9,-10.1,-18.4,0.00I,999.9,0
10020,99999,20200412,-16.2,21,-21.3,21,1019.8,21,1018.9,21,999.9,0,2.9,4,3.9,999.9,-7.6,-20.9*,0.00I,999.9,0
10020,99999,20200413,-9.7,22,-14.4,22,1012.9,22,1012.0,22,999.9,0,14.4,22,29.1,999.9,5.5*,-25.4*,0.00I,999.9,0
10020,99999,20200414,14.8,22,12.4,22,994.9,22,994.0,22,999.9,0,31.9,22,36.9,999.9,24.1*,-0.9,0.00I,999.9,0
10020,99999,20200415,26.2,24,24.6,24,991.2,24,990.4,24,999.9,0,25.1,24,35.0,999.9,30.0*,21.7,0.00I,999.9,0
10020,99999,20200416,30.1,24,24.7,24,993.8,24,993.0,24,999.9,0,18.1,24,31.1,999.9,34.9,19.4*,0.00I,999.9,0
10020,99999,20200417,17.8,23,15.1,23,1008.6,23,1007.8,23,999.9,0,4.5,22,9.7,10.5,22.5,14.5,0.00I,999.9,0
10020,99999,20200418,23.7,23,19.0,23,1005.2,23,1004.4,23,999.9,0,9.8,23,13.6,999.9,33.6,15.6*,0.00I,999.9,0
10020,99999,20200419,30.3,24,25.2,24,995.7,24,994.9,24,999.9,0,11.9,24,17.5,999.9,39.7,21.6,0.00I,999.9,0
10020,99999,20200420,17.8,22,12.8,22,998.6,22,997.8,22,999.9,0,29.4,22,35.0,38.3,29.3*,12.0,0.00I,999.9,0
10020,99999,20200421,14.4,23,7.2,23,1015.7,23,1014.8,23,999.9,0,19.0,23,29.1,999.9,16.0*,11.7*,0.00I,999.9,0
10020,99999,20200422,11.5,23,6.2,23,1025.1,23,1024.2,23,999.9,0,8.0,23,11.7,999.9,16.5,7.3*,0.00I,999.9,0
10020,99999,20200423,9.4,22,4.7,22,1022.7,22,1021.8,22,999.9,0,4.7,22,7.8,999.9,14.5*,2.7*,0.00I,999.9,0
10020,99999,20200424,5.5,21,1.6,21,1020.8,21,1019.9,21,999.9,0,4.8,20,9.7,999.9,10.6*,-0.4,0.00I,999.9,0
10020,99999,20200425,6.7,23,3.0,23,1018.6,23,1017.7,23,999.9,0,9.2,23,11.7,999.9,9.7*,2.1*,0.00I,999.9,0
10020,99999,20200426,6.1,22,2.6,22,1022.0,22,1021.1,22,999.9,0,5.7,21,9.7,999.9,8.4*,-0.8*,0.00I,999.9,0
10020,99999,20200427,10.3,22,5.1,22,1018.4,22,1017.6,22,999.9,0,7.8,22,9.7,11.1,17.2*,0.5*,0.00I,999.9,0
10020,99999,20200428,25.0,22,18.1,22,1010.1,22,1009.3,22,999.9,0,13.3,22,17.5,17.7,34.7*,9.5*,0.00I,999.9,0
10020,99999,20200429,31.3,24,26.0,24,1007.9,24,1007.1,24,999.9,0,12.1,24,19.4,999.9,36.9,19.8*,0.00I,999.9,0
10020,99999,20200430,13.0,23,9.6,23,1014.1,23,1013.3,23,999.9,0,10.1,23,13.6,999.9,18.9*,7.5*,0.00I,999.9,0
10020,99999,20200501,11.8,22,8.4,22,1011.9,22,1011.1,22,999.9,0,5.7,22,11.7,999.9,14.4*,4.8*,0.00I,999.9,0
10020,99999,20200502,6.6,24,3.3,24,1019.4,24,1018.5,24,999.9,0,6.0,23,9.7,999.9,12.4*,1.8,0.00I,999.9,0
10020,99999,20200503,3.2,23,-0.3,23,1018.8,23,1017.9,23,999.9,0,5.5,21,9.7,999.9,7.0,0.9,0.00I,999.9,0
10020,99999,20200504,10.3,23,1.9,23,1008.3,23,1007.5,23,999.9,0,5.7,20,9.7,999.9,17.2,1.4*,0.00I,999.9,0
10020,99999,20200505,21.2,23,17.9,23,1002.4,23,1001.6,23,999.9,0,13.4,23,21.4,999.9,25.9,10.2*,0.00I,999.9,0
10020,99999,20200506,24.1,21,21.9,21,1002.7,21,1001.9,21,999.9,0,10.5,21,13.6,999.9,27.5*,18.3,0.00I,999.9,0
10020,99999,20200507,22.6,22,19.8,22,1002.5,22,1001.6,22,999.9,0,10.6,22,15.5,18.8,25.0*,19.6*,0.00I,999.9,0
10020,99999,20200508,17.0,24,13.7,24,1004.0,24,1003.2,24,999.9,0,10.6,24,15.5,999.9,22.1*,15.6*,0.00I,999.9,0
10020,99999,20200509,13.2,23,8.7,23,1013.8,23,1013.0,23,999.9,0,12.6,23,17.5,999.9,20.1*,8.6*,0.00I,999.9,0
10020,99999,20200510,8.8,11,4.3,11,1018.2,11,1017.4,11,999.9,0,4.9,11,9.7,12.8,9.7*,7.9*,0.00I,999.9,0
10020,99999,20200511,8.7,4,4.5,4,1012.1,4,1011.2,4,999.9,0,10.0,4,11.1,14.6,9.1*,8.1,0.00I,999.9,0
10020,99999,20200512,18.7,14,15.9,14,997.1,14,996.3,14,999.9,0,19.3,14,27.2,999.9,25.7*,10.4*,0.00I,999.9,0
10020,99999,20200513,29.4,22,28.0,22,991.4,20,990.6,20,999.9,0,31.0,22,38.9,43.7,31.1*,27.3*,0.00I,999.9,0
10020,99999,20200514,30.4,24,28.8,24,1018.3,24,1017.5,24,999.9,0,16.0,24,25.3,999.9,32.0*,27.9,0.00I,999.9,0
10020,99999,20200515,33.0,22,27.9,22,1016.5,22,1015.7,22,999.9,0,19.0,22,27.2,999.9,34.9*,30.4*,0.00I,999.9,0
10020,99999,20200516,29.5,22,26.4,22,1022.7,22,1021.9,22,999.9,0,13.0,22,21.4,21.8,30.7*,27.1*,0.00I,999.9,0
10020,99999,20200517,26.1,21,24.3,21,1020.6,21,1019.8,21,999.9,0,11.6,21,15.5,18.6,27.1*,24.4*,0.00I,999.9,0
10020,99999,20200518,24.7,23,23.2,23,1018.3,23,1017.5,23,999.9,0,3.1,22,5.8,999.9,26.6,22.6*,0.00I,999.9,0
10020,99999,20200519,28.4,23,26.3,23,1018.2,23,1017.4,23,999.9,0,5.2,23,9.7,11.1,30.6,26.4*,0.00I,999.9,0
10020,99999,20200520,30.2,22,27.5,22,1020.3,22,1019.5,22,999.9,0,9.1,22,16.3,17.5,35.2,28.0*,0.00I,999.9,0
10020,99999,20200521,29.4,22,26.3,22,1018.5,22,1017.7,22,999.9,0,15.7,22,19.4,21.2,32.5*,27.1*,0.00I,999.9,0
10020,99999,20200522,25.9,22,21.0,22,1016.0,22,1015.2,22,999.9,0,7.5,22,11.7,999.9,27.1*,23.7*,0.00I,999.9,0
10020,99999,20200523,25.8,23,22.2,23,1013.6,23,1012.7,23,999.9,0,15.5,23,23.3,999.9,29.8*,18.1*,0.00I,999.9,0
10020,99999,20200524,32.2,24,28.8,24,1015.0,24,1014.2,24,999.9,0,16.6,24,21.4,999.9,34.9,29.7*,0.00I,999.9,0
10020,99999,20200525,30.6,21,28.2,21,1015.1,21,1014.3,21,999.9,0,18.5,21,27.2,999.9,32.5*,28.2,0.00I,999.9,0
10020,99999,20200526,35.2,22,31.5,22,1007.3,22,1006.4,22,999.9,0,20.0,22,29.1,999.9,43.2*,31.8*,0.00I,999.9,0
10020,99999,20200527,36.4,23,31.8,23,1005.5,23,1004.7,23,999.9,0,14.9,23,23.3,999.9,41.2*,33.1*,0.00I,999.9,0
10020,99999,20200528,34.4,23,32.4,23,1005.9,23,1005.1,23,999.9,0,8.6,23,15.5,999.9,36.3,32.9,0.00I,999.9,0
10020,99999,20200529,33.4,21,33.0,21,1011.9,21,1011.1,21,999.9,0,7.0,20,13.6,999.9,34.5*,32.2*,0.00I,999.9,0
10020,99999,20200530,33.4,23,32.3,23,1022.6,23,1021.8,23,999.9,0,8.2,23,13.6,999.9,35.6*,32.4*,0.00I,999.9,0
10020,99999,20200531,34.0,22,32.0,22,1016.1,22,1015.3,22,999.9,0,12.3,22,21.4,999.9,37.4*,32.9,0.00I,999.9,0
10020,99999,20200601,34.0,21,32.4,21,1010.7,21,1009.9,21,999.9,0,8.7,21,17.5,999.9,36.0*,32.0*,0.00I,999.9,0
10020,99999,20200602,31.4,22,31.4,22,1003.6,22,1002.8,22,999.9,0,11.9,22,15.5,999.9,32.0*,30.9*,0.00I,999.9,0
10020,99999,20200603,28.3,23,27.2,23,1010.7,23,1009.9,23,999.9,0,10.6,22,15.5,999.9,30.7*,27.3,0.00I,999.9,0
10020,99999,20200604,29.6,19,27.3,19,1021.1,19,1020.3,19,999.9,0,9.1,19,11.7,999.9,31.3*,28.6*,0.00I,999.9,0
10020,99999,20200605,30.6,23,27.4,23,1025.9,23,1025.1,23,999.9,0,6.8,23,9.7,999.9,32.2*,29.3*,0.00I,999.9,0
10020,99999,20200606,31.9,21,27.7,21,1021.2,21,1020.4,21,999.9,0,11.3,21,19.4,999.9,36.3,27.3*,0.00I,999.9,0
10020,99999,20200607,30.9,15,28.8,15,1002.6,15,1001.8,15,999.9,0,28.4,15,38.9,39.0,34.9*,27.7*,0.00I,999.9,0
10020,99999,20200608,33.4,22,32.4,22,993.3,22,992.5,22,999.9,0,7.1,21,25.3,999.9,35.6,31.8*,0.00I,999.9,0
10020,99999,20200609,31.9,23,31.8,23,1000.6,23,999.8,23,999.9,0,8.4,23,15.5,999.9,32.4,31.5,0.00I,999.9,0
10020,99999,20200610,32.5,23,32.5,23,1015.4,23,1014.6,23,999.9,0,6.6,22,9.7,999.9,33.8*,32.0*,0.00I,999.9,0
10020,99999,20200611,33.9,23,32.8,22,1012.7,23,1011.9,23,999.9,0,9.3,22,15.5,999.9,40.5*,32.2*,0.00I,999.9,0
10020,99999,20200612,35.0,24,33.2,24,1003.5,24,1002.7,24,999.9,0,5.7,23,9.7,999.9,38.5,32.5*,0.00I,999.9,0
10020,99999,20200613,30.5,23,28.3,23,1008.3,23,1007.5,23,999.9,0,15.4,23,23.3,999.9,33.3*,27.3*,0.00I,999.9,0
10020,99999,20200614,29.1,24,26.7,24,1002.6,24,1001.8,24,999.9,0,8.3,23,13.6,999.9,31.1,27.3*,0.00I,999.9,0
10020,99999,20200615,29.9,22,27.8,22,1004.3,22,1003.4,22,999.9,0,20.4,22,25.3,25.8,32.0*,27.0,0.00I,999.9,0
10020,99999,20200616,30.5,21,29.0,21,1012.4,21,1011.6,21,999.9,0,17.8,21,25.3,999.9,32.0*,29.7*,0.00I,999.9,0
10020,99999,20200617,32.1,21,30.1,21,1013.2,21,1012.4,21,999.9,0,12.0,21,15.5,999.9,33.4*,30.4*,0.00I,999.9,0
10020,99999,20200618,32.3,21,32.0,21,1008.5,21,1007.7,21,999.9,0,10.5,21,13.6,19.0,33.1*,30.9*,0.00I,999.9,0
10020,99999,20200619,36.2,24,32.6,24,1012.1,24,1011.2,24,999.9,0,8.7,24,17.5,999.9,42.8,33.6*,0.00I,999.9,0
10020,99999,20200620,37.9,23,32.0,23,1010.7,23,1009.9,23,999.9,0,9.9,22,17.5,999.9,44.6*,34.3*,0.00I,999.9,0
10020,99999,20200621,32.8,22,32.0,22,1016.8,22,1015.9,22,999.9,0,5.9,22,11.7,999.9,35.4*,29.7*,0.00I,999.9,0
10020,99999,20200622,32.7,23,30.9,23,1019.0,23,1018.2,23,999.9,0,6.3,23,9.7,11.5,38.5*,28.6,0.00I,999.9,0
10020,99999,20200623,34.0,22,31.8,22,1019.9,22,1019.1,22,999.9,0,6.2,22,9.7,999.9,39.4,29.3*,0.00I,999.9,0
10020,99999,20200624,36.6,22,33.4,22,1017.3,22,1016.5,22,999.9,0,5.3,21,11.7,999.9,40.5*,33.1*,0.00I,999.9,0
10020,99999,20200625,38.0,23,34.7,23,1012.4,23,1011.6,23,999.9,0,2.8,20,5.8,999.9,43.2*,34.5,0.00I,999.9,0
10020,99999,20200626,33.5,22,33.5,21,1012.8,22,1012.0,22,999.9,0,8.9,22,15.5,999.9,35.6*,32.0*,0.00I,999.9,0
10020,99999,20200627,31.8,22,31.8,22,1018.9,22,1018.0,22,999.9,0,10.1,22,13.6,999.9,32.2*,31.1,0.00I,999.9,0
10020,99999,20200628,31.5,24,31.5,24,1022.0,24,1021.2,24,999.9,0,6.9,24,7.8,999.9,32.4,29.8*,0.00I,999.9,0
10020,99999,20200629,30.0,22,29.9,22,1022.7,22,1021.9,22,999.9,0,5.4,22,8.0,999.9,30.7*,28.4*,0.00I,999.9,0
10020,99999,20200630,30.2,22,29.4,22,1016.6,22,1015.8,22,999.9,0,4.6,22,5.8,999.9,32.5*,27.5,0.00I,999.9,0
10020,99999,20200701,30.4,24,29.4,24,1008.9,24,1008.1,24,999.9,0,4.9,24,5.8,999.9,33.1,28.2*,0.00I,999.9,0
10020,99999,20200702,31.0,21,31.0,21,1003.6,21,1002.8,21,999.9,0,4.6,21,6.6,999.9,32.4*,27.5*,0.00I,999.9,0
10020,99999,20200703,35.7,24,33.4,24,999.2,24,998.4,24,999.9,0,15.2,24,27.2,999.9,39.2,31.8,0.00I,999.9,0
10020,99999,20200704,38.1,22,33.3,22,1007.9,22,1007.1,22,999.9,0,21.3,22,29.1,999.9,43.9*,35.1,0.00I,999.9,0
10020,99999,20200705,36.3,21,34.6,21,1010.5,21,1009.7,21,999.9,0,14.5,21,23.3,999.9,38.8*,34.7,0.00I,999.9,0
10020,99999,20200706,36.5,23,35.2,23,1008.2,23,1007.4,23,999.9,0,12.1,23,21.4,999.9,38.8*,35.1*,0.00I,999.9,0
10020,99999,20200707,35.8,22,34.2,22,1003.8,22,1003.0,22,999.9,0,15.7,22,27.2,999.9,37.0*,34.5,0.00I,999.9,0
10020,99999,20200708,36.7,22,34.4,22,1006.6,22,1005.8,22,999.9,0,15.1,22,21.4,999.9,39.9*,34.5,0.00I,999.9,0
10020,99999,20200709,38.5,21,35.1,21,1015.2,21,1014.4,21,999.9,0,16.5,21,26.8,33.0,43.5*,36.3*,0.00I,999.9,0
10020,99999,20200710,38.2,22,35.9,22,1011.1,22,1010.2,22,999.9,0,15.4,22,23.3,25.8,41.9*,35.2*,0.00I,999.9,0
10020,99999,20200711,37.5,24,34.7,24,1005.4,24,1004.6,24,999.9,0,26.5,24,35.0,999.9,41.5,34.7,0.00I,999.9,0
10020,99999,20200712,40.2,23,35.3,23,1014.5,23,1013.7,23,999.9,0,10.9,22,31.1,999.9,48.2,35.2,0.00I,999.9,0
10020,99999,20200713,35.3,23,33.8,23,1021.3,23,1020.5,23,999.9,0,2.9,21,3.9,999.9,39.2*,34.5*,0.00I,999.9,0
10020,99999,20200714,35.3,24,34.7,24,1018.8,24,1018.0,24,999.9,0,6.2,24,13.6,999.9,37.6,33.3,0.00I,999.9,0
10020,99999,20200715,33.6,21,33.6,21,1011.4,21,1010.5,21,999.9,0,12.4,21,17.5,999.9,34.0*,32.9,0.00I,999.9,0
10020,99999,20200716,34.7,23,34.7,22,1010.6,23,1009.7,23,999.9,0,7.7,23,9.7,999.9,36.0*,33.8*,0.00I,999.9,0
10020,99999,20200717,38.0,24,38.0,24,1011.9,24,1011.1,24,999.9,0,4.4,20,7.8,999.9,42.4,34.9,0.00I,999.9,0
10020,99999,20200718,37.1,23,35.8,23,1009.3,23,1008.5,23,999.9,0,20.2,23,25.3,999.9,41.2*,35.2,0.00I,999.9,0
10020,99999,20200719,36.6,24,34.9,24,1008.0,24,1007.2,24,999.9,0,10.7,24,23.3,999.9,39.9,34.7,0.00I,999.9,0
10020,99999,20200720,36.1,23,35.5,23,1012.9,23,1012.1,23,999.9,0,4.8,23,9.7,999.9,38.7*,34.9,0.00I,999.9,0
10020,99999,20200721,39.1,23,38.6,23,1013.9,23,1013.1,23,999.9,0,3.7,20,5.8,999.9,41.5*,36.5,0.00I,999.9,0
10020,99999,20200722,36.8,23,36.4,23,1014.1,23,1013.3,23,999.9,0,5.0,23,9.7,999.9,38.5*,34.3*,0.00I,999.9,0
10020,99999,20200723,41.2,23,38.6,23,1014.7,23,1013.9,23,999.9,0,9.0,23,15.5,999.9,44.8*,37.6,0.00I,999.9,0
10020,99999,20200724,44.5,24,40.3,24,1015.1,24,1014.3,24,999.9,0,9.1,24,13.6,999.9,51.8,39.9,0.00I,999.9,0
10020,99999,20200725,47.7,24,42.1,24,1016.3,24,1015.5,24,999.9,0,13.0,24,19.4,999.9,55.2,40.1,0.00I,999.9,0
10020,99999,20200726,50.2,23,43.1,23,1019.2,23,1018.4,23,999.9,0,11.9,23,19.4,999.9,54.3*,46.0,0.00I,999.9,0
10020,99999,20200727,51.0,22,42.2,22,1019.0,22,1018.2,22,999.9,0,10.0,22,15.5,999.9,55.9*,44.6,0.00I,999.9,0
10020,99999,20200728,52.2,23,41.8,23,1016.8,23,1016.0,23,999.9,0,17.6,23,23.3,999.9,62.4,45.3*,0.00I,999.9,0
10020,99999,20200729,45.7,22,41.4,22,1017.3,22,1016.5,22,999.9,0,10.8,22,19.4,999.9,52.2,41.9*,0.00I,999.9,0
10020,99999,20200730,46.8,23,42.7,23,1019.0,23,1018.2,23,999.9,0,5.7,23,11.7,999.9,51.1,41.5,0.00I,999.9,0
10020,99999,20200731,45.2,24,42.2,24,1018.7,24,1017.9,24,999.9,0,4.3,23,9.7,999.9,49.3*,41.9,0.00I,999.9,0
10020,99999,20200801,40.3,21,40.1,21,1018.3,21,1017.5,21,999.9,0,3.8,18,5.8,999.9,43.3*,39.0*,0.00I,999.9,0
10020,99999,20200802,40.7,23,39.7,23,1017.0,23,1016.2,23,999.9,0,5.7,22,11.7,999.9,45.3*,38.5*,0.00I,999.9,0
10020,99999,20200803,38.4,20,38.3,20,1013.2,20,1012.4,20,999.9,0,4.9,20,11.7,999.9,40.1,37.2*,0.00I,999.9,0
10020,99999,20200804,37.6,23,37.6,23,1007.7,23,1006.8,23,999.9,0,3.5,23,7.8,999.9,38.8,35.6*,0.00I,999.9,0
10020,99999,20200805,40.3,24,40.3,24,1007.7,24,1006.8,24,999.9,0,9.3,24,11.7,999.9,41.4*,37.6,0.00I,999.9,0
10020,99999,20200806,41.5,24,41.5,24,1013.1,24,1012.3,24,999.9,0,7.0,24,11.7,999.9,42.8,40.3*,0.00I,999.9,0
10020,99999,20200807,40.9,22,40.6,22,1016.9,22,1016.1,22,999.9,0,5.7,22,7.8,999.9,42.4*,38.7*,0.00I,999.9,0
10020,99999,20200808,42.1,24,37.4,24,1019.3,24,1018.5,24,999.9,0,12.1,24,17.5,999.9,45.5,38.7*,0.00I,999.9,0
10020,99999,20200809,40.1,23,35.8,23,1014.5,23,1013.7,23,999.9,0,19.8,23,31.1,999.9,42.6*,38.1*,0.00I,999.9,0
10020,99999,20200810,42.0,21,39.1,21,1019.3,21,1018.5,21,999.9,0,10.2,21,13.6,999.9,45.5*,39.4*,0.00I,999.9,0
10020,99999,20200811,43.4,22,41.5,22,1023.8,22,1023.0,22,999.9,0,7.5,20,13.6,999.9,45.0*,42.1,0.00I,999.9,0
10020,99999,20200812,41.5,21,38.4,21,1021.1,21,1020.3,21,999.9,0,14.0,21,21.4,22.3,43.7*,37.8*,0.00I,999.9,0
10020,99999,20200813,39.3,20,37.6,20,1009.6,20,1008.8,20,999.9,0,19.0,20,23.3,999.9,40.8*,38.1*,0.00I,999.9,0
10020,99999,20200814,40.3,24,38.4,24,1002.4,24,1001.6,24,999.9,0,20.6,24,27.2,999.9,42.6,37.2*,0.00I,999.9,0
10020,99999,20200815,37.6,20,35.3,20,994.2,20,993.4,20,999.9,0,19.1,20,27.2,999.9,39.2*,35.4*,0.00I,999.9,0
10020,99999,20200816,38.7,22,37.8,22,997.4,22,996.6,22,999.9,0,7.7,21,11.7,999.9,40.1*,37.6*,0.00I,999.9,0
10020,99999,20200817,38.6,24,37.8,24,1004.1,24,1003.3,24,999.9,0,6.4,22,7.8,999.9,39.7,37.4,0.00I,999.9,0
10020,99999,20200818,40.0,23,37.9,23,1009.8,23,1009.0,23,999.9,0,12.5,23,21.4,999.9,41.2*,36.9,0.00I,999.9,0
10020,99999,20200819,39.5,22,37.6,22,1006.3,22,1005.5,22,999.9,0,14.2,22,21.4,999.9,41.5*,37.2*,0.00I,999.9,0
10020,99999,20200820,38.9,22,37.2,22,1005.5,22,1004.7,22,999.9,0,18.5,22,29.1,999.9,41.4*,37.2*,0.00I,999.9,0
10020,99999,20200821,40.5,23,37.0,23,1005.2,23,1004.4,23,999.9,0,8.5,22,17.5,999.9,45.1*,36.3,0.00I,999.9,0
10020,99999,20200822,40.6,21,37.5,21,1002.7,21,1001.9,21,999.9,0,5.4,20,9.7,999.9,42.4*,38.1,0.00I,999.9,0
10020,99999,20200823,38.3,23,36.0,23,1000.5,23,999.7,23,999.9,0,7.1,22,11.7,999.9,41.4*,33.8*,0.00I,999.9,0
10020,99999,20200824,35.2,23,32.4,23,1004.1,23,1003.3,23,999.9,0,8.0,21,11.7,13.8,37.2*,33.3*,0.00I,999.9,0
10020,99999,20200825,33.5,22,28.7,22,1000.3,22,999.5,22,999.9,0,8.3,22,11.7,999.9,34.9*,32.2*,0.00I,999.9,0
10020,99999,20200826,33.1,21,28.2,21,1000.2,21,999.4,21,999.9,0,10.3,21,17.5,999.9,33.8*,31.8,0.00I,999.9,0
10020,99999,20200827,34.1,21,30.6,21,1002.1,21,1001.3,21,999.9,0,19.4,21,25.3,999.9,35.1*,33.4*,0.00I,999.9,0
10020,99999,20200828,34.6,21,32.8,21,999.7,21,998.9,21,999.9,0,16.3,21,25.3,999.9,36.7*,33.1*,0.00I,999.9,0
10020,99999,20200829,36.7,22,34.5,22,988.9,22,988.1,22,999.9,0,11.1,22,23.3,999.9,38.3*,34.3*,0.00I,999.9,0
10020,99999,20200830,36.5,21,33.5,21,995.1,21,994.3,21,999.9,0,26.7,21,33.0,999.9,37.8*,35.6,0.00I,999.9,0
10020,99999,20200831,37.5,22,33.8,22,995.7,22,994.9,22,999.9,0,12.5,22,19.4,999.9,39.2*,35.2,0.00I,999.9,0
10020,99999,20200901,38.2,6,34.1,6,999.1,6,998.3,6,999.9,0,9.7,6,15.5,999.9,39.4*,36.0*,0.00I,999.9,0
10020,99999,20200915,35.3,8,26.6,8,1016.9,8,1016.1,8,999.9,0,10.6,8,11.7,15.3,35.6,33.4,0.00I,999.9,0
10020,99999,20201002,29.7,4,22.2,4,1027.9,4,1027.1,4,999.9,0,7.6,4,8.7,9.9,32.9*,27.5,0.00I,999.9,0
10020,99999,20201203,14.5,6,9.3,6,1012.2,6,1011.3,6,999.9,0,23.4,6,28.2,34.6,16.9,13.3,0.00I,999.9,0
10020,99999,20201204,10.8,7,5.5,7,1016.1,7,1015.3,7,999.9,0,18.5,7,20.6,29.3,15.6,8.4,0.00I,999.9,0
